wafer1,Chip24NMOS,READ,WL_0,BL_8,3714.19076997119,0.00026923765146499374,-8.077129543949812e-05,0.2983906941431978,set
wafer1,Chip24NMOS,READ,WL_0,BL_9,3275497.998244982,3.052970878125408e-07,-9.158912634376224e-08,0.29805696587436764,unknown
wafer1,Chip24NMOS,READ,WL_0,BL_10,1356.5523215429498,0.000737162868043744,-0.00022114886041312319,0.30026378574319973,set
wafer1,Chip24NMOS,READ,WL_0,BL_11,2028881.6107667738,4.928823814525436e-07,-1.4786471443576306e-07,0.300477805918337,unknown
wafer1,Chip24NMOS,READ,WL_0,BL_12,1378.462629673215,0.0007254458542971635,-0.00021763375628914904,0.3001062724610569,set
wafer1,Chip24NMOS,READ,WL_0,BL_13,831757113.7782223,1.2022740574559578e-09,-3.606822172367873e-10,0.29974478310023506,unknown
wafer1,Chip24NMOS,READ,WL_0,BL_14,1580.435320166084,0.0006327370612641791,-0.00018982111837925373,0.30047925439121914,set
wafer1,Chip24NMOS,READ,WL_0,BL_15,2427378.228668532,4.1196711257829857e-07,-1.2359013377348957e-07,0.29978643600135174,unknown
wafer1,Chip24NMOS,READ,WL_1,BL_8,3709.4145884155596,0.00026958431746157023,-8.087529523847105e-05,0.2984272970137503,set
wafer1,Chip24NMOS,READ,WL_1,BL_9,3004691.1825264017,3.328129046390654e-07,-9.984387139171962e-08,0.29825096191714084,unknown
wafer1,Chip24NMOS,READ,WL_1,BL_10,1357.2349175480053,0.0007367921257188184,-0.0002210376377156455,0.30010090209437484,set
wafer1,Chip24NMOS,READ,WL_1,BL_11,2061804.8619154596,4.850119516504482e-07,-1.4550358549513447e-07,0.30033322724460976,unknown
wafer1,Chip24NMOS,READ,WL_1,BL_12,1378.9846083627142,0.0007251712556729061,-0.0002175513767018718,0.3002160800271877,set
wafer1,Chip24NMOS,READ,WL_1,BL_13,38586394.14482343,2.591587066277234e-08,-7.774761198831702e-09,0.2998033468066597,unknown
wafer1,Chip24NMOS,READ,WL_1,BL_14,1581.0637718817238,0.0006324855567399643,-0.00018974566702198927,0.3003474842663341,set
wafer1,Chip24NMOS,READ,WL_1,BL_15,2351175.9227456176,4.2531908834462565e-07,-1.275957265033877e-07,0.29982120889816655,unknown
wafer1,Chip24NMOS,READ,WL_2,BL_8,3697.725639546444,0.00027043650543058084,-8.113095162917426e-05,0.2985206343336621,set
wafer1,Chip24NMOS,READ,WL_2,BL_9,2955815.8614769457,3.3831606800442755e-07,-1.0149482040132827e-07,0.2982344905550187,unknown
wafer1,Chip24NMOS,READ,WL_2,BL_10,1355.912467227286,0.0007375107347784082,-0.00022125322043352246,0.29995082951905244,set
wafer1,Chip24NMOS,READ,WL_2,BL_11,2003290.5036377048,4.991787252942772e-07,-1.4975361758828314e-07,0.3003899606482243,unknown
wafer1,Chip24NMOS,READ,WL_2,BL_12,1378.015126724332,0.0007256814389092313,-0.00021770443167276938,0.2999745033816996,set
wafer1,Chip24NMOS,READ,WL_2,BL_13,28651133.515745033,3.490263306512662e-08,-1.0470789919537985e-08,0.2998783815555168,unknown
wafer1,Chip24NMOS,READ,WL_2,BL_14,1581.1186138003045,0.0006324636186506246,-0.00018973908559518737,0.30049938593807635,set
wafer1,Chip24NMOS,READ,WL_2,BL_15,2312738.803043642,4.323877813975216e-07,-1.2971633441925647e-07,0.3001359951219652,unknown
wafer1,Chip24NMOS,READ,WL_3,BL_8,3665.5133347928268,0.00027281308473442494,-8.184392542032748e-05,0.29848037117605375,set
wafer1,Chip24NMOS,READ,WL_3,BL_9,2843486.8626472685,3.5168089332018443e-07,-1.0550426799605532e-07,0.2982326604036712,unknown
wafer1,Chip24NMOS,READ,WL_3,BL_10,1352.0037890010594,0.0007396428975534597,-0.0002218928692660379,0.3000313562667871,set
wafer1,Chip24NMOS,READ,WL_3,BL_11,2009627.5656484675,4.976046393339153e-07,-1.492813918001746e-07,0.3000532204461256,unknown
wafer1,Chip24NMOS,READ,WL_3,BL_12,1272.0871826916627,0.0007861096421740984,-0.0002358328926522295,0.30019777876616666,set
wafer1,Chip24NMOS,READ,WL_3,BL_13,30622297.950457625,3.265594246446994e-08,-9.796782739340981e-09,0.29988570201882025,unknown
wafer1,Chip24NMOS,READ,WL_3,BL_14,1579.2619827295684,0.0006332071631785992,-0.00018996214895357976,0.3003273527194763,set
wafer1,Chip24NMOS,READ,WL_3,BL_15,2564262.843155241,3.899756230798606e-07,-1.1699268692395817e-07,0.2995668177056782,unknown
wafer1,Chip24NMOS,READ,WL_4,BL_8,3481.6461079987125,0.0002872204609488041,-8.616613828464123e-05,0.29858468935713045,set
wafer1,Chip24NMOS,READ,WL_4,BL_9,2875628.5283064423,3.4775006234513007e-07,-1.0432501870353902e-07,0.29814847344171375,unknown
wafer1,Chip24NMOS,READ,WL_4,BL_10,1329.9008300829933,0.0007519357664718462,-0.00022558072994155386,0.300121033781308,set
wafer1,Chip24NMOS,READ,WL_4,BL_11,2095814.2484158492,4.771415218480665e-07,-1.4314245655441995e-07,0.30022525076676315,unknown
wafer1,Chip24NMOS,READ,WL_4,BL_12,1345.2540126957026,0.0007433540361616455,-0.00022300621084849365,0.30014470510920305,set
wafer1,Chip24NMOS,READ,WL_4,BL_13,34588362.699880086,2.8911458130496212e-08,-8.673437439148863e-09,0.29989851282960006,unknown
wafer1,Chip24NMOS,READ,WL_4,BL_14,1580.4196641986962,0.0006327433292897046,-0.00018982299878691139,0.30026695807890474,set
wafer1,Chip24NMOS,READ,WL_4,BL_15,2399925.6525318385,4.166795746130863e-07,-1.2500387238392587e-07,0.2996894379207627,unknown
wafer1,Chip24NMOS,READ,WL_5,BL_8,2558.3411197097867,0.0003908782891756976,-0.00011726348675270928,0.2985590673477435,set
wafer1,Chip24NMOS,READ,WL_5,BL_9,3055210.016388277,3.273097412734173e-07,-9.819292238202519e-08,0.2982070382848156,unknown
wafer1,Chip24NMOS,READ,WL_5,BL_10,1344.7712695545902,0.0007436208838185665,-0.0002230862651455699,0.30028574758348975,set
wafer1,Chip24NMOS,READ,WL_5,BL_11,2120296.1873717858,4.716322209868002e-07,-1.4148966629604006e-07,0.3002307410961443,unknown
wafer1,Chip24NMOS,READ,WL_5,BL_12,1357.7256277574188,0.000736525833759004,-0.0002209577501277012,0.30011176283936386,set
wafer1,Chip24NMOS,READ,WL_5,BL_13,34588362.699880086,2.8911458130496212e-08,-8.673437439148863e-09,0.29981432750161446,unknown
wafer1,Chip24NMOS,READ,WL_5,BL_14,1544.613156349564,0.0006474112925228046,-0.00019422338775684135,0.3002632977976574,set
wafer1,Chip24NMOS,READ,WL_5,BL_15,2590347.624950526,3.8604857138396607e-07,-1.1581457141518981e-07,0.2996638157862672,unknown
wafer1,Chip24NMOS,READ,WL_6,BL_8,3484.038187400362,0.00028702326042704963,-8.610697812811489e-05,0.298418146296113,set
wafer1,Chip24NMOS,READ,WL_6,BL_9,2935352.673993651,3.4067456658946017e-07,-1.0220236997683805e-07,0.2983442996358324,unknown
wafer1,Chip24NMOS,READ,WL_6,BL_10,1330.3306671730054,0.0007516928119270012,-0.00022550784357810037,0.3001667876152475,set
wafer1,Chip24NMOS,READ,WL_6,BL_11,2041923.9263623368,4.897342095312474e-07,-1.469202628593742e-07,0.30025087230387953,unknown
wafer1,Chip24NMOS,READ,WL_6,BL_12,1343.6429150057554,0.0007442453562862843,-0.00022327360688588528,0.30014470510920305,set
wafer1,Chip24NMOS,READ,WL_6,BL_13,98144707.20280091,1.0189036459537793e-08,-3.0567109378613377e-09,0.29988570201882025,unknown
wafer1,Chip24NMOS,READ,WL_6,BL_14,1580.000982165625,0.0006329109989725147,-0.0001898732996917544,0.30033284314134623,set
wafer1,Chip24NMOS,READ,WL_6,BL_15,2498838.305753378,4.001859574897579e-07,-1.2005578724692736e-07,0.2995777986204621,unknown
wafer1,Chip24NMOS,READ,WL_7,BL_8,3499.2646880949223,0.00028577432378927076,-8.573229713678123e-05,0.2984218065831682,set
wafer1,Chip24NMOS,READ,WL_7,BL_9,2824544.451448269,3.5403939190521704e-07,-1.0621181757156511e-07,0.29798192966914566,unknown
wafer1,Chip24NMOS,READ,WL_7,BL_10,1332.7375748182485,0.0007503352639670076,-0.00022510057919010226,0.3002454842096227,set
wafer1,Chip24NMOS,READ,WL_7,BL_11,1915697.9062863707,5.220029717203824e-07,-1.5660089151611469e-07,0.300292964829142,unknown
wafer1,Chip24NMOS,READ,WL_7,BL_12,1345.3925193849,0.0007432775086761966,-0.000222983252602859,0.3002673235580492,set
wafer1,Chip24NMOS,READ,WL_7,BL_13,30622297.950457625,3.265594246446994e-08,-9.796782739340981e-09,0.29987472132386545,unknown
wafer1,Chip24NMOS,READ,WL_7,BL_14,1580.120303503682,0.000632863205277882,-0.0001898589615833646,0.30031454173511307,set
wafer1,Chip24NMOS,READ,WL_7,BL_15,2616968.551826935,3.821215196880715e-07,-1.1463645590642145e-07,0.29982669935555883,unknown
wafer1,Chip24NMOS,READ,WL_8,BL_8,3704.27481480756,0.0002699583724195017,-8.098751172585051e-05,0.2984163161525854,set
wafer1,Chip24NMOS,READ,WL_8,BL_9,2830830.484249724,3.5325322571020617e-07,-1.0597596771306184e-07,0.29831867751697616,unknown
wafer1,Chip24NMOS,READ,WL_8,BL_10,1355.9327707856326,0.0007374996913900062,-0.00022124990741700183,0.2999599802858406,set
wafer1,Chip24NMOS,READ,WL_8,BL_11,1942050.8159497113,5.149195848981815e-07,-1.5447587546945444e-07,0.30013557538685587,unknown
wafer1,Chip24NMOS,READ,WL_8,BL_12,1377.5437103769075,0.0007259297781022075,-0.00021777893343066223,0.3000440481735821,set
wafer1,Chip24NMOS,READ,WL_8,BL_13,28651133.515745033,3.490263306512662e-08,-1.0470789919537985e-08,0.2999515861885476,unknown
wafer1,Chip24NMOS,READ,WL_8,BL_14,1581.933856413428,0.0006321376813232933,-0.000189641304396988,0.30023950596955296,set
wafer1,Chip24NMOS,READ,WL_8,BL_15,2450739.7578533287,4.080400608818326e-07,-1.224120182645498e-07,0.2998761134720846,unknown
wafer1,Chip24NMOS,READ,WL_9,BL_8,3703.6843318445895,0.0002700014122159159,-8.100042366477476e-05,0.2985462563430497,set
wafer1,Chip24NMOS,READ,WL_9,BL_9,3193268.5922329286,3.1315874976264956e-07,-9.394762492879487e-08,0.298181416165958,unknown
wafer1,Chip24NMOS,READ,WL_9,BL_10,1354.7663030398758,0.0007381346862231237,-0.0002214404058669371,0.3000130547332101,set
wafer1,Chip24NMOS,READ,WL_9,BL_11,1950996.9806890602,5.125584559576389e-07,-1.5376753678729165e-07,0.30020328944923463,unknown
wafer1,Chip24NMOS,READ,WL_9,BL_12,1375.6570064768125,0.000726925385682507,-0.0002180776157047521,0.30010261220885337,set
wafer1,Chip24NMOS,READ,WL_9,BL_13,32884728.78154007,3.04092518640857e-08,-9.12277555922571e-09,0.2999643969993281,unknown
wafer1,Chip24NMOS,READ,WL_9,BL_14,1580.167254544304,0.000632844401201305,-0.00018985332036039148,0.30030722117261976,set
wafer1,Chip24NMOS,READ,WL_9,BL_15,2559108.801738942,3.907610334193252e-07,-1.1722831002579756e-07,0.29978826615381493,unknown
wafer1,Chip24NMOS,READ,WL_10,BL_8,3701.2492381765996,0.00027017904919384583,-8.105371475815376e-05,0.2986560649547092,set
wafer1,Chip24NMOS,READ,WL_10,BL_9,3062566.002344545,3.265235750786924e-07,-9.795707252360773e-08,0.2982381508577124,unknown
wafer1,Chip24NMOS,READ,WL_10,BL_10,1355.4282625626454,0.0007377741984731426,-0.0002213322595419428,0.30010822270780485,set
wafer1,Chip24NMOS,READ,WL_10,BL_11,1927321.4787376395,5.188547997996587e-07,-1.556564399398976e-07,0.3003533584523437,unknown
wafer1,Chip24NMOS,READ,WL_10,BL_12,1374.967313062173,0.0007272900166425864,-0.0002181870049927759,0.3000165962820499,set
wafer1,Chip24NMOS,READ,WL_10,BL_13,64803293.21433438,1.5431314527373458e-08,-4.629394358212037e-09,0.2999607367676761,unknown
wafer1,Chip24NMOS,READ,WL_10,BL_14,1579.72524278427,0.0006330214729224035,-0.00018990644187672103,0.2999997575478874,set
wafer1,Chip24NMOS,READ,WL_10,BL_15,2418157.8510236815,4.135379332563707e-07,-1.240613799769112e-07,0.29968394746337046,unknown
wafer1,Chip24NMOS,READ,WL_11,BL_8,3332.140887429545,0.0003001073585371153,-9.003220756113459e-05,0.29863044294532226,set
wafer1,Chip24NMOS,READ,WL_11,BL_9,3233860.655014021,3.0922791878788124e-07,-9.276837563636436e-08,0.2982582825225281,unknown
wafer1,Chip24NMOS,READ,WL_11,BL_10,1345.6048607666585,0.0007431602167595098,-0.00022294806502785294,0.29997828181941627,set
wafer1,Chip24NMOS,READ,WL_11,BL_11,1963054.20470768,5.094102840369153e-07,-1.5282308521107456e-07,0.30033322724460976,unknown
wafer1,Chip24NMOS,READ,WL_11,BL_12,1253.307364118202,0.0007978888727774904,-0.00023936666183324714,0.2999836540122108,set
wafer1,Chip24NMOS,READ,WL_11,BL_13,33715038.14099734,2.9660354997018503e-08,-8.898106499105552e-09,0.2999113236403812,unknown
wafer1,Chip24NMOS,READ,WL_11,BL_14,1581.3164680525185,0.0006323844848283639,-0.00018971534544850918,0.3002632977976574,set
wafer1,Chip24NMOS,READ,WL_11,BL_15,2484211.6641443134,4.025421885072945e-07,-1.2076265655218835e-07,0.299861472252373,unknown
wafer1,Chip24NMOS,READ,WL_12,BL_8,4967.176025005219,0.00020132163526436517,-6.039649057930955e-05,0.2984218065831682,set
wafer1,Chip24NMOS,READ,WL_12,BL_9,2869142.1956029185,3.4853622853985496e-07,-1.0456086856195648e-07,0.29819239707403966,unknown
wafer1,Chip24NMOS,READ,WL_12,BL_10,1293.0602793051394,0.0007733591511583488,-0.00023200774534750464,0.30013750516152615,set
wafer1,Chip24NMOS,READ,WL_12,BL_11,2009627.5656484675,4.976046393339153e-07,-1.492813918001746e-07,0.30016302703376685,unknown
wafer1,Chip24NMOS,READ,WL_12,BL_12,1298.5674201425638,0.0007700793847809724,-0.0002310238154342917,0.3001373846047933,set
wafer1,Chip24NMOS,READ,WL_12,BL_13,32884728.78154007,3.04092518640857e-08,-9.12277555922571e-09,0.29990949352455487,unknown
wafer1,Chip24NMOS,READ,WL_12,BL_14,1582.5281802803997,0.0006319002798565112,-0.00018957008395695336,0.3002907499070092,set
wafer1,Chip24NMOS,READ,WL_12,BL_15,2666291.063507941,3.750528266348899e-07,-1.1251584799046695e-07,0.29985781194744526,unknown
wafer1,Chip24NMOS,READ,WL_13,BL_8,3511.765931949417,0.00028475701951037775,-8.542710585311332e-05,0.2985352754818842,set
wafer1,Chip24NMOS,READ,WL_13,BL_9,3115066.716979057,3.210204117136163e-07,-9.630612351408489e-08,0.29828939509542557,unknown
wafer1,Chip24NMOS,READ,WL_13,BL_10,1332.3915973695066,0.0007505301008909576,-0.0002251590302672873,0.30014665592831435,set
wafer1,Chip24NMOS,READ,WL_13,BL_11,1890050.6200067846,5.290863585422968e-07,-1.5872590756268904e-07,0.3000275989090106,unknown
wafer1,Chip24NMOS,READ,WL_13,BL_12,1347.630224864844,0.0007420433154059688,-0.0002226129946217906,0.299987314264415,set
wafer1,Chip24NMOS,READ,WL_13,BL_13,42249034.28695726,2.3669180062388102e-08,-7.100754018716431e-09,0.2999460958410699,unknown
wafer1,Chip24NMOS,READ,WL_13,BL_14,1580.5038186706333,0.0006327096386525045,-0.00018981289159575136,0.3000217192353692,set
wafer1,Chip24NMOS,READ,WL_13,BL_15,2381966.327474146,4.1982121597008764e-07,-1.259463647910263e-07,0.2999072260639717,unknown
wafer1,Chip24NMOS,READ,WL_14,BL_8,3709.953045768588,0.00026954519037392045,-8.086355711217614e-05,0.2985334453383559,set
wafer1,Chip24NMOS,READ,WL_14,BL_9,3107456.679412022,3.218065779083412e-07,-9.654197337250235e-08,0.29831684736562936,unknown
wafer1,Chip24NMOS,READ,WL_14,BL_10,1356.2751223107357,0.000737313531414086,-0.00022119405942422582,0.2999453390589799,set
wafer1,Chip24NMOS,READ,WL_14,BL_11,1969138.8754632566,5.078361980765534e-07,-1.52350859422966e-07,0.30025087230387953,unknown
wafer1,Chip24NMOS,READ,WL_14,BL_12,1376.816567685426,0.0007263131657989165,-0.00021789394973967496,0.3000367276691744,set
wafer1,Chip24NMOS,READ,WL_14,BL_13,50188972.199656315,1.9924695728414374e-08,-5.977408718524312e-09,0.2998362888915241,unknown
wafer1,Chip24NMOS,READ,WL_14,BL_14,1580.8992689502522,0.000632551371007983,-0.00018976541130239486,0.3002962403288785,set
wafer1,Chip24NMOS,READ,WL_14,BL_15,2523602.5875471607,3.962589057938633e-07,-1.1887767173815898e-07,0.29983035966048655,unknown
wafer1,Chip24NMOS,READ,WL_15,BL_8,3705.0373530994643,0.00026990281195503894,-8.097084358651169e-05,0.2984071654349468,set
wafer1,Chip24NMOS,READ,WL_15,BL_9,2818286.273835801,3.5482555810022797e-07,-1.0644766743006838e-07,0.29828573479273124,unknown
wafer1,Chip24NMOS,READ,WL_15,BL_10,1356.8732013581566,0.0007369885402696833,-0.00022109656208090498,0.29999841350635015,set
wafer1,Chip24NMOS,READ,WL_15,BL_11,1996993.2819649403,5.007528112543526e-07,-1.502258433763058e-07,0.3002710035116128,unknown
wafer1,Chip24NMOS,READ,WL_15,BL_12,1376.8322123788982,0.0007263049128347996,-0.00021789147385043988,0.30011176283936386,set
wafer1,Chip24NMOS,READ,WL_15,BL_13,25383278.451917145,3.939601426562265e-08,-1.1818804279686795e-08,0.29993877537776714,unknown
wafer1,Chip24NMOS,READ,WL_15,BL_14,1580.3590002546973,0.0006327676178886163,-0.0001898302853665849,0.3001717907664874,set
wafer1,Chip24NMOS,READ,WL_15,BL_15,2464973.7711636457,4.0568382986401017e-07,-1.2170514895920306e-07,0.29963636349930856,unknown
wafer1,Chip24NMOS,READ,WL_16,BL_8,3627.1119113014593,0.0002757014463447271,-8.271043390341815e-05,0.2985334453383559,set
wafer1,Chip24NMOS,READ,WL_16,BL_9,3115066.716979057,3.210204117136163e-07,-9.630612351408489e-08,0.29788859195045275,unknown
wafer1,Chip24NMOS,READ,WL_16,BL_10,1253.531656208506,0.0007977461080038852,-0.00023932383240116555,0.2999489993656949,set
wafer1,Chip24NMOS,READ,WL_16,BL_11,1953997.3797705807,5.117714129777443e-07,-1.5353142389332327e-07,0.30034603801316795,unknown
wafer1,Chip24NMOS,READ,WL_16,BL_12,1371.7493957262154,0.0007289961294064153,-0.00021869883882192457,0.3002179101532904,set
wafer1,Chip24NMOS,READ,WL_16,BL_13,45103178.71738543,2.2171386328798614e-08,-6.651415898639584e-09,0.29989485259794935,unknown
wafer1,Chip24NMOS,READ,WL_16,BL_14,1510.2770194970685,0.0006621301834633,-0.00019863905503899001,0.3005103667818169,set
wafer1,Chip24NMOS,READ,WL_16,BL_15,2671886.347728154,3.7426741629571103e-07,-1.122802248887133e-07,0.299634533346844,unknown
wafer1,Chip24NMOS,READ,WL_17,BL_8,3485.939003950856,0.00028686675207645075,-8.606002562293522e-05,0.2985078233289683,set
wafer1,Chip24NMOS,READ,WL_17,BL_9,2983548.0902603716,3.3517140322438407e-07,-1.0055142096731521e-07,0.29828573479273124,unknown
wafer1,Chip24NMOS,READ,WL_17,BL_10,1329.8366574734216,0.0007519720518908813,-0.0002255916155672644,0.29986481231124723,set
wafer1,Chip24NMOS,READ,WL_17,BL_11,1984516.866187558,5.039009831753626e-07,-1.5117029495260878e-07,0.30022891098635035,unknown
wafer1,Chip24NMOS,READ,WL_17,BL_12,1344.3978057983236,0.0007438274561941768,-0.00022314823685825306,0.3001373846047933,set
wafer1,Chip24NMOS,READ,WL_17,BL_13,23180075.16020516,4.314049860014127e-08,-1.2942149580042379e-08,0.30009982557043424,unknown
wafer1,Chip24NMOS,READ,WL_17,BL_14,1579.6626770331548,0.0006330465450245055,-0.00018991396350735167,0.30030722117261976,set
wafer1,Chip24NMOS,READ,WL_17,BL_15,2377518.4161381065,4.206066263092666e-07,-1.2618198789277997e-07,0.29968394746337046,unknown
wafer1,Chip24NMOS,READ,WL_18,BL_8,3490.671526312512,0.00028647782882521277,-8.594334864756382e-05,0.2986652156723485,set
wafer1,Chip24NMOS,READ,WL_18,BL_9,3033352.5620439015,3.296682398587359e-07,-9.890047195762077e-08,0.2983900534195058,unknown
wafer1,Chip24NMOS,READ,WL_18,BL_10,1331.1757994765603,0.0007512155797853417,-0.0002253646739356025,0.3001759383820344,set
wafer1,Chip24NMOS,READ,WL_18,BL_11,1957007.0215754914,5.10984369997277e-07,-1.532953109991831e-07,0.3001081237399462,unknown
wafer1,Chip24NMOS,READ,WL_18,BL_12,1345.6709769537667,0.000743123703435834,-0.0002229371110307502,0.29997999376000656,set
wafer1,Chip24NMOS,READ,WL_18,BL_13,26918390.466842495,3.714932366523841e-08,-1.1144797099571523e-08,0.29985275993395655,unknown
wafer1,Chip24NMOS,READ,WL_18,BL_14,1579.191637883012,0.0006332353692934644,-0.0001899706107880393,0.30022486484456706,set
wafer1,Chip24NMOS,READ,WL_18,BL_15,2381966.327474146,4.1982121597008764e-07,-1.259463647910263e-07,0.2996528348714827,unknown
wafer1,Chip24NMOS,READ,WL_19,BL_8,3701.8496685523282,0.0002701352268556781,-8.104056805670343e-05,0.29848037117605375,set
wafer1,Chip24NMOS,READ,WL_19,BL_9,2843486.8626472685,3.5168089332018443e-07,-1.0550426799605532e-07,0.29848888159223924,unknown
wafer1,Chip24NMOS,READ,WL_19,BL_10,1355.7268628834331,0.0007376117029009412,-0.00022128351087028237,0.30010090209437484,set
wafer1,Chip24NMOS,READ,WL_19,BL_11,2134544.392694078,4.684840490657903e-07,-1.4054521471973708e-07,0.3001685173631479,unknown
wafer1,Chip24NMOS,READ,WL_19,BL_12,1377.639106983221,0.0007258795100480402,-0.00021776385301441206,0.30022706078380096,set
wafer1,Chip24NMOS,READ,WL_19,BL_13,16773955.775676262,5.961622967017055e-08,-1.788486890105117e-08,0.30006871360139625,unknown
wafer1,Chip24NMOS,READ,WL_19,BL_14,1579.9872907056904,0.0006329164834948495,-0.00018987494504845484,0.3002523169539175,set
wafer1,Chip24NMOS,READ,WL_19,BL_15,2325410.773039893,4.3003155037969925e-07,-1.2900946511390976e-07,0.2997077394454021,unknown
wafer1,Chip24NMOS,READ,WL_20,BL_8,3688.61050940883,0.0002711047960876382,-8.133143882629145e-05,0.2987109692605409,set
wafer1,Chip24NMOS,READ,WL_20,BL_9,3026136.07711242,3.304544060537468e-07,-9.913632181612403e-08,0.2983003760035079,unknown
wafer1,Chip24NMOS,READ,WL_20,BL_10,1321.964184204388,0.000756450145887909,-0.00022693504376637274,0.3000350165735021,set
wafer1,Chip24NMOS,READ,WL_20,BL_11,2109734.240267065,4.739933499270567e-07,-1.42198004978117e-07,0.300335057354403,unknown
wafer1,Chip24NMOS,READ,WL_20,BL_12,1368.9555391553708,0.0007304839137558755,-0.00021914517412676267,0.2998573753111604,set
wafer1,Chip24NMOS,READ,WL_20,BL_13,13822182.191695295,7.234747640649856e-08,-2.170424292194957e-08,0.299955246420199,unknown
wafer1,Chip24NMOS,READ,WL_20,BL_14,1580.5057758580106,0.0006327088551493139,-0.00018981265654479418,0.3004298405943869,set
wafer1,Chip24NMOS,READ,WL_20,BL_15,2464973.7711636457,4.0568382986401017e-07,-1.2170514895920306e-07,0.2996638157862672,unknown
wafer1,Chip24NMOS,READ,WL_21,BL_8,3697.158635499628,0.00027047798014348973,-8.114339404304692e-05,0.2985920099312415,set
wafer1,Chip24NMOS,READ,WL_21,BL_9,3107456.679412022,3.218065779083412e-07,-9.654197337250235e-08,0.2981429829876733,unknown
wafer1,Chip24NMOS,READ,WL_21,BL_10,1302.3228472576402,0.000767858754920675,-0.0002303576264762025,0.3000734497940103,set
wafer1,Chip24NMOS,READ,WL_21,BL_11,1984516.866187558,5.039009831753626e-07,-1.5117029495260878e-07,0.3003387175739922,unknown
wafer1,Chip24NMOS,READ,WL_21,BL_12,1372.664839266575,0.0007285099547929758,-0.00021855298643789274,0.3001849678834513,set
wafer1,Chip24NMOS,READ,WL_21,BL_13,16362856.580286529,6.111402340376004e-08,-1.8334207021128013e-08,0.29984726958647884,unknown
wafer1,Chip24NMOS,READ,WL_21,BL_14,1580.2826877139978,0.0006327981745130537,-0.00018983945235391612,0.30045729270373733,set
wafer1,Chip24NMOS,READ,WL_21,BL_15,2346842.1551244645,4.2610449868409027e-07,-1.278313496052271e-07,0.2997626440193208,unknown
wafer1,Chip24NMOS,READ,WL_22,BL_8,3711.0735379529856,0.0002694638060316089,-8.083914180948267e-05,0.2986066510794629,set
wafer1,Chip24NMOS,READ,WL_22,BL_9,3055210.016388277,3.273097412734173e-07,-9.819292238202519e-08,0.29816494480383654,unknown
wafer1,Chip24NMOS,READ,WL_22,BL_10,1355.9994867587545,0.0007374634059709712,-0.00022123902179129135,0.3002747666633441,set
wafer1,Chip24NMOS,READ,WL_22,BL_11,2003290.5036377048,4.991787252942772e-07,-1.4975361758828314e-07,0.3001117839595341,unknown
wafer1,Chip24NMOS,READ,WL_22,BL_12,1378.2046386763132,0.0007255816530703618,-0.00021767449592110854,0.30008248082172895,set
wafer1,Chip24NMOS,READ,WL_22,BL_13,19183820.150507793,5.212726100195065e-08,-1.5638178300585197e-08,0.3000815244121774,unknown
wafer1,Chip24NMOS,READ,WL_22,BL_14,1579.2424418657872,0.0006332149982105062,-0.00018996449946315187,0.3004280104537629,set
wafer1,Chip24NMOS,READ,WL_22,BL_15,2484211.6641443134,4.025421885072945e-07,-1.2076265655218835e-07,0.29944968794798466,unknown
wafer1,Chip24NMOS,READ,WL_23,BL_8,3716.005271458107,0.0002691061844504904,-8.073185533514712e-05,0.2986780266770423,set
wafer1,Chip24NMOS,READ,WL_23,BL_9,3055210.016388277,3.273097412734173e-07,-9.819292238202519e-08,0.29807343723649043,unknown
wafer1,Chip24NMOS,READ,WL_23,BL_10,1355.612335558735,0.0007376740191640672,-0.00022130220574922011,0.3000826005607985,set
wafer1,Chip24NMOS,READ,WL_23,BL_11,2012811.1551197467,4.968175963534481e-07,-1.4904527890603443e-07,0.30020328944923463,unknown
wafer1,Chip24NMOS,READ,WL_23,BL_12,1377.5878474628776,0.0007259065197487868,-0.000217771955924636,0.30007882056952406,set
wafer1,Chip24NMOS,READ,WL_23,BL_13,20047886.220123466,4.988057040129398e-08,-1.4964171120388193e-08,0.29992230433533534,unknown
wafer1,Chip24NMOS,READ,WL_23,BL_14,1581.7887758279442,0.0006321956605594051,-0.00018965869816782154,0.30022486484456706,set
wafer1,Chip24NMOS,READ,WL_23,BL_15,2569437.6869275696,3.891902127409674e-07,-1.1675706382229021e-07,0.29973702188482526,unknown
wafer1,Chip24NMOS,READ,WL_24,BL_8,3713.8561448845917,0.0002692619102593364,-8.077857307780092e-05,0.2985462563430497,set
wafer1,Chip24NMOS,READ,WL_24,BL_9,2948963.171418869,3.391022341994384e-07,-1.0173067025983152e-07,0.29850535295436137,unknown
wafer1,Chip24NMOS,READ,WL_24,BL_10,1354.95598899759,0.0007380313516602188,-0.00022140940549806565,0.2999654707459138,set
wafer1,Chip24NMOS,READ,WL_24,BL_11,2006454.0310091989,4.983916823138099e-07,-1.4951750469414297e-07,0.3002911347193474,unknown
wafer1,Chip24NMOS,READ,WL_24,BL_12,1378.8947314073207,0.0007252185226492127,-0.0002175655567947638,0.3000202565342541,set
wafer1,Chip24NMOS,READ,WL_24,BL_13,15598285.286879685,6.410961087121149e-08,-1.9232883261363444e-08,0.30004492209566164,unknown
wafer1,Chip24NMOS,READ,WL_24,BL_14,1579.7467509058756,0.0006330128543873054,-0.00018990385631619165,0.3005762518442591,set
wafer1,Chip24NMOS,READ,WL_24,BL_15,2450739.7578533287,4.080400608818326e-07,-1.224120182645498e-07,0.29969492837815365,unknown
wafer1,Chip24NMOS,READ,WL_25,BL_8,3491.1292713767493,0.00028644026682106893,-8.593208004632068e-05,0.2984895218936924,set
wafer1,Chip24NMOS,READ,WL_25,BL_9,3122714.11941417,3.2023424551831947e-07,-9.607027365549583e-08,0.2981686051065302,unknown
wafer1,Chip24NMOS,READ,WL_25,BL_10,1314.680451141202,0.0007606411117864839,-0.00022819233353594515,0.300029526113429,set
wafer1,Chip24NMOS,READ,WL_25,BL_11,2197298.420526903,4.5510431840214227e-07,-1.3653129552064268e-07,0.3003899606482243,unknown
wafer1,Chip24NMOS,READ,WL_25,BL_12,1346.45399209329,0.0007426915482238878,-0.00022280746446716636,0.3001154230915681,set
wafer1,Chip24NMOS,READ,WL_25,BL_13,14901975.178633016,6.71051983386629e-08,-2.013155950159887e-08,0.30005956302226783,unknown
wafer1,Chip24NMOS,READ,WL_25,BL_14,1579.459372564246,0.0006331280293563386,-0.00018993840880690156,0.3005048763599463,set
wafer1,Chip24NMOS,READ,WL_25,BL_15,2513638.206143015,3.97829726472221e-07,-1.193489179416663e-07,0.29966930624365884,unknown
wafer1,Chip24NMOS,READ,WL_26,BL_8,3706.842919956621,0.0002697713449405357,-8.09314034821607e-05,0.29855174677363316,set
wafer1,Chip24NMOS,READ,WL_26,BL_9,2901869.8112898455,3.446053975645145e-07,-1.0338161926935436e-07,0.2981832463173048,unknown
wafer1,Chip24NMOS,READ,WL_26,BL_10,1356.0792644752312,0.0007374200212308202,-0.00022122600636924604,0.29996730089927126,set
wafer1,Chip24NMOS,READ,WL_26,BL_11,2006454.0310091989,4.983916823138099e-07,-1.4951750469414297e-07,0.3002746637312013,unknown
wafer1,Chip24NMOS,READ,WL_26,BL_12,1375.992168961509,0.0007267483220887236,-0.00021802449662661704,0.3002471921709247,set
wafer1,Chip24NMOS,READ,WL_26,BL_13,39734614.4239173,2.5166973795977594e-08,-7.550092138793278e-09,0.2999497560727213,unknown
wafer1,Chip24NMOS,READ,WL_26,BL_14,1580.3022543295226,0.0006327903394811467,-0.00018983710184434399,0.3003017307507491,set
wafer1,Chip24NMOS,READ,WL_26,BL_15,2717508.470447148,3.679841335822797e-07,-1.1039524007468391e-07,0.2997187203601846,unknown
wafer1,Chip24NMOS,READ,WL_27,BL_8,3705.2092360619163,0.000269890291286991,-8.09670873860973e-05,0.2985572372042153,set
wafer1,Chip24NMOS,READ,WL_27,BL_9,3047889.282481695,3.280959074687142e-07,-9.842877224061426e-08,0.2981978875280808,unknown
wafer1,Chip24NMOS,READ,WL_27,BL_10,1355.9081165438904,0.0007375131012187803,-0.00022125393036563407,0.300029526113429,set
wafer1,Chip24NMOS,READ,WL_27,BL_11,1978336.9369924185,5.054750691357244e-07,-1.5164252074071732e-07,0.30026185296264246,unknown
wafer1,Chip24NMOS,READ,WL_27,BL_12,1377.6761301203874,0.0007258600030419454,-0.00021775800091258362,0.3001758172529401,set
wafer1,Chip24NMOS,READ,WL_27,BL_13,19463445.69038249,5.137836413488347e-08,-1.541350924046504e-08,0.2998545900497816,unknown
wafer1,Chip24NMOS,READ,WL_27,BL_14,1579.7839026772435,0.000632997967826682,-0.00018989939034800462,0.3002358456883063,set
wafer1,Chip24NMOS,READ,WL_27,BL_15,2484211.6641443134,4.025421885072945e-07,-1.2076265655218835e-07,0.29990173560658073,unknown
wafer1,Chip24NMOS,READ,WL_28,BL_8,3504.1391802175026,0.00028537679257874965,-8.561303777362488e-05,0.2985499166301049,set
wafer1,Chip24NMOS,READ,WL_28,BL_9,3099883.7335248124,3.2259274410363806e-07,-9.677782323109142e-08,0.29831135691158817,unknown
wafer1,Chip24NMOS,READ,WL_28,BL_10,1332.0220062537999,0.000750738347643682,-0.0002252215042931046,0.3000789402540835,set
wafer1,Chip24NMOS,READ,WL_28,BL_11,2006454.0310091989,4.983916823138099e-07,-1.4951750469414297e-07,0.3001081237399462,unknown
wafer1,Chip24NMOS,READ,WL_28,BL_12,1348.1591094273608,0.0007417522108534774,-0.00022252566325604321,0.300047708425787,set
wafer1,Chip24NMOS,READ,WL_28,BL_13,23180075.16020516,4.314049860014127e-08,-1.2942149580042379e-08,0.29992779468281305,unknown
wafer1,Chip24NMOS,READ,WL_28,BL_14,1580.8581485659408,0.0006325678245749877,-0.00018977034737249632,0.30022852512581233,set
wafer1,Chip24NMOS,READ,WL_28,BL_15,2569437.6869275696,3.891902127409674e-07,-1.1675706382229021e-07,0.29972787112250526,unknown
wafer1,Chip24NMOS,READ,WL_29,BL_8,3709.985358180936,0.00026954284274866133,-8.086285282459839e-05,0.29857370849596426,set
wafer1,Chip24NMOS,READ,WL_29,BL_9,2875628.5283064423,3.4775006234513007e-07,-1.0432501870353902e-07,0.298252792068487,unknown
wafer1,Chip24NMOS,READ,WL_29,BL_10,1355.818208670924,0.0007375620076531322,-0.00022126860229593965,0.30004782764700466,set
wafer1,Chip24NMOS,READ,WL_29,BL_11,2028881.6107667738,4.928823814525436e-07,-1.4786471443576306e-07,0.3001648571435601,unknown
wafer1,Chip24NMOS,READ,WL_29,BL_12,1373.693343267991,0.000727964508891787,-0.00021838935266753608,0.3001959486400639,set
wafer1,Chip24NMOS,READ,WL_29,BL_13,42249034.28695726,2.3669180062388102e-08,-7.100754018716431e-09,0.3001730302034657,unknown
wafer1,Chip24NMOS,READ,WL_29,BL_14,1579.4847827609592,0.0006331178438148593,-0.00018993535314445779,0.3004261803131402,set
wafer1,Chip24NMOS,READ,WL_29,BL_15,2493943.6584076053,4.0097136782893673e-07,-1.2029141034868101e-07,0.2997022489880098,unknown
wafer1,Chip24NMOS,READ,WL_30,BL_8,3506.389088580368,0.00028519367780854865,-8.555810334256459e-05,0.2985261247642449,set
wafer1,Chip24NMOS,READ,WL_30,BL_9,2948963.171418869,3.391022341994384e-07,-1.0173067025983152e-07,0.29837907251142415,unknown
wafer1,Chip24NMOS,READ,WL_30,BL_10,1332.6226959862674,0.0007503999466705052,-0.00022511998400115158,0.3001832589954657,set
wafer1,Chip24NMOS,READ,WL_30,BL_11,1960025.948873562,5.101973270173824e-07,-1.5305919810521472e-07,0.30025819274305526,unknown
wafer1,Chip24NMOS,READ,WL_30,BL_12,1348.0363930436451,0.0007418197351053438,-0.00022254592053160314,0.30029477544958205,set
wafer1,Chip24NMOS,READ,WL_30,BL_13,12888299.579995442,7.758975447406179e-08,-2.3276926342218536e-08,0.2999424356094185,unknown
wafer1,Chip24NMOS,READ,WL_30,BL_14,1577.0510749957286,0.0006340948722936627,-0.0001902284616880988,0.3002431662508002,set
wafer1,Chip24NMOS,READ,WL_30,BL_15,2508685.4653819585,3.9861513681139996e-07,-1.1958454104342e-07,0.2996638157862672,unknown
wafer1,Chip24NMOS,READ,WL_31,BL_8,3490.07091804832,0.0002865271289556515,-8.595813868669545e-05,0.29855174677363316,set
wafer1,Chip24NMOS,READ,WL_31,BL_9,3145883.2881952203,3.178757469332868e-07,-9.536272407998603e-08,0.29821069858750926,unknown
wafer1,Chip24NMOS,READ,WL_31,BL_10,1330.5024005411676,0.0007515957878717548,-0.00022547873636152643,0.2998995852250404,set
wafer1,Chip24NMOS,READ,WL_31,BL_11,1811887.633608224,5.519106049686883e-07,-1.6557318149060648e-07,0.29998916660333536,unknown
wafer1,Chip24NMOS,READ,WL_31,BL_12,1344.8237376134064,0.000743591871582109,-0.0002230775614746327,0.3001282339742841,set
wafer1,Chip24NMOS,READ,WL_31,BL_13,20047886.220123466,4.988057040129398e-08,-1.4964171120388193e-08,0.29990949352455487,unknown
wafer1,Chip24NMOS,READ,WL_31,BL_14,1579.23853375106,0.0006332165652168875,-0.00018996496956506627,0.300406048766283,set
wafer1,Chip24NMOS,READ,WL_31,BL_15,2579850.2873643995,3.8761939206232383e-07,-1.1628581761869715e-07,0.29981754859323817,unknown
wafer1,Chip24NMOS,READ,WL_32,BL_8,4154.631675624606,0.00024069522356627687,-7.220856706988306e-05,0.29851697404660693,set
wafer1,Chip24NMOS,READ,WL_32,BL_9,3185272.1581704225,3.1394491595794646e-07,-9.418347478738394e-08,0.2983223378196698,unknown
wafer1,Chip24NMOS,READ,WL_32,BL_10,1403.1083388702634,0.0007127033403601372,-0.00021381100210804112,0.30010822270780485,set
wafer1,Chip24NMOS,READ,WL_32,BL_11,1978336.9369924185,5.054750691357244e-07,-1.5164252074071732e-07,0.30031126592708124,unknown
wafer1,Chip24NMOS,READ,WL_32,BL_12,1397.0887703523817,0.0007157741306214739,-0.00021473223918644214,0.3002728139363548,set
wafer1,Chip24NMOS,READ,WL_32,BL_13,15598285.286879685,6.410961087121149e-08,-1.9232883261363444e-08,0.2999058332929035,unknown
wafer1,Chip24NMOS,READ,WL_32,BL_14,1578.0903862050452,0.0006336772650930195,-0.00019010317952790584,0.3004188597506469,set
wafer1,Chip24NMOS,READ,WL_32,BL_15,2574633.459259542,3.884048024015028e-07,-1.1652144072045082e-07,0.299879773777013,unknown
wafer1,Chip24NMOS,READ,WL_33,BL_8,3704.5647571696977,0.00026993724379217063,-8.098117313765118e-05,0.2984364477313896,set
wafer1,Chip24NMOS,READ,WL_33,BL_9,3130399.162575384,3.1944807932330854e-07,-9.583442379699257e-08,0.29829671570081356,unknown
wafer1,Chip24NMOS,READ,WL_33,BL_10,1355.2529324248414,0.0007378696449014747,-0.0002213608934704424,0.300113713167878,set
wafer1,Chip24NMOS,READ,WL_33,BL_11,2045210.7475194312,4.889471665513528e-07,-1.4668414996540583e-07,0.300194138900265,unknown
wafer1,Chip24NMOS,READ,WL_33,BL_12,1376.3189675447231,0.000726575760111731,-0.0002179727280335193,0.30007150006511496,set
wafer1,Chip24NMOS,READ,WL_33,BL_13,19463445.69038249,5.137836413488347e-08,-1.541350924046504e-08,0.29977772518509943,unknown
wafer1,Chip24NMOS,READ,WL_33,BL_14,1579.1154380373887,0.0006332659259179017,-0.00018997977777537053,0.30034931440695745,set
wafer1,Chip24NMOS,READ,WL_33,BL_15,2611600.6830421668,3.829069300269646e-07,-1.148720790080894e-07,0.2996711363961227,unknown
wafer1,Chip24NMOS,READ,WL_34,BL_8,4927.66146402458,0.0002029360189007927,-6.0880805670237807e-05,0.2985206343336621,set
wafer1,Chip24NMOS,READ,WL_34,BL_9,2757196.682751665,3.626872200506227e-07,-1.088061660151868e-07,0.2982344905550187,unknown
wafer1,Chip24NMOS,READ,WL_34,BL_10,1467.8538014303474,0.0006812667576468119,-0.00020438002729404356,0.2999526596724099,set
wafer1,Chip24NMOS,READ,WL_34,BL_11,1984516.866187558,5.039009831753626e-07,-1.5117029495260878e-07,0.30036616922090187,unknown
wafer1,Chip24NMOS,READ,WL_34,BL_12,1522.65362729606,0.0006567481809870362,-0.00019702445429611086,0.30015751599191776,set
wafer1,Chip24NMOS,READ,WL_34,BL_13,23589578.10299887,4.2391601733346516e-08,-1.2717480520003955e-08,0.30006139313809416,unknown
wafer1,Chip24NMOS,READ,WL_34,BL_14,1578.5451496761202,0.0006334947088495861,-0.0001900484126548758,0.3003236924382303,set
wafer1,Chip24NMOS,READ,WL_34,BL_15,2493943.6584076053,4.0097136782893673e-07,-1.2029141034868101e-07,0.2999529798755704,unknown
wafer1,Chip24NMOS,READ,WL_35,BL_8,3706.2193706266216,0.0002698167323622096,-8.094501970866288e-05,0.2983669022773378,set
wafer1,Chip24NMOS,READ,WL_35,BL_9,2990562.6482936293,3.343852370290872e-07,-1.0031557110872616e-07,0.2982820744900376,unknown
wafer1,Chip24NMOS,READ,WL_35,BL_10,1355.9400222038312,0.00073749574732272,-0.000221248724196816,0.300029526113429,set
wafer1,Chip24NMOS,READ,WL_35,BL_11,1972195.377803035,5.070491550963724e-07,-1.5211474652891174e-07,0.3003423777935801,unknown
wafer1,Chip24NMOS,READ,WL_35,BL_12,1377.2590229534842,0.0007260798319952442,-0.00021782394959857327,0.30023621141431145,set
wafer1,Chip24NMOS,READ,WL_35,BL_13,24013809.938887082,4.164270486627933e-08,-1.2492811459883798e-08,0.2999772078101079,unknown
wafer1,Chip24NMOS,READ,WL_35,BL_14,1577.6787877980937,0.0006338425842662574,-0.0001901527752798772,0.30038408707880254,set
wafer1,Chip24NMOS,READ,WL_35,BL_15,2479374.094059805,4.033275988467592e-07,-1.2099827965402774e-07,0.2995851192303169,unknown
wafer1,Chip24NMOS,READ,WL_36,BL_8,3698.5818241653537,0.0002703739020903415,-8.111217062710245e-05,0.2984638998843041,set
wafer1,Chip24NMOS,READ,WL_36,BL_9,2983548.0902603716,3.3517140322438407e-07,-1.0055142096731521e-07,0.29818690661999914,unknown
wafer1,Chip24NMOS,READ,WL_36,BL_10,1338.4743750353157,0.0007471192715016416,-0.00022413578145049246,0.300216201755902,set
wafer1,Chip24NMOS,READ,WL_36,BL_11,2003290.5036377048,4.991787252942772e-07,-1.4975361758828314e-07,0.30019779911985217,unknown
wafer1,Chip24NMOS,READ,WL_36,BL_12,1376.5350239870775,0.000726461719153023,-0.00021793851574590688,0.3000257469125611,set
wafer1,Chip24NMOS,READ,WL_36,BL_13,16164771.97685042,6.186292027082725e-08,-1.8558876081248172e-08,0.29998269815758566,unknown
wafer1,Chip24NMOS,READ,WL_36,BL_14,1540.3498549603287,0.0006492031643199361,-0.0001947609492959808,0.30018643189147465,set
wafer1,Chip24NMOS,READ,WL_36,BL_15,2395410.4800278274,4.17464984952551e-07,-1.252394954857653e-07,0.2998230390506304,unknown
wafer1,Chip24NMOS,READ,WL_37,BL_8,3709.9315044730524,0.00026954675545742644,-8.086402663722792e-05,0.2984492587360834,set
wafer1,Chip24NMOS,READ,WL_37,BL_9,3018953.8473811974,3.3124057224904373e-07,-9.93721716747131e-08,0.2983827328141185,unknown
wafer1,Chip24NMOS,READ,WL_37,BL_10,1356.868844507219,0.0007369909067100551,-0.0002210972720130165,0.2999087359918286,set
wafer1,Chip24NMOS,READ,WL_37,BL_11,2061804.8619154596,4.850119516504482e-07,-1.4550358549513447e-07,0.300194138900265,unknown
wafer1,Chip24NMOS,READ,WL_37,BL_12,1376.328916022659,0.0007265705082254747,-0.0002179711524676424,0.30029660557568416,set
wafer1,Chip24NMOS,READ,WL_37,BL_13,20993461.044525318,4.763387980090974e-08,-1.4290163940272921e-08,0.3001016556862599,unknown
wafer1,Chip24NMOS,READ,WL_37,BL_14,1579.8738563081085,0.0006329619266799102,-0.00018988857800397306,0.3002120538602025,set
wafer1,Chip24NMOS,READ,WL_37,BL_15,2450739.7578533287,4.080400608818326e-07,-1.224120182645498e-07,0.299861472252373,unknown
wafer1,Chip24NMOS,READ,WL_38,BL_8,3700.2096677467594,0.0002702549557438861,-8.107648672316583e-05,0.29859933050535187,set
wafer1,Chip24NMOS,READ,WL_38,BL_9,3033352.5620439015,3.296682398587359e-07,-9.890047195762077e-08,0.2982839046413851,unknown
wafer1,Chip24NMOS,READ,WL_38,BL_10,1355.148625271765,0.0007379264394703994,-0.00022137793184111982,0.3000002436597076,set
wafer1,Chip24NMOS,READ,WL_38,BL_11,1945023.7409004362,5.141325419180007e-07,-1.542397625754002e-07,0.30022525076676315,unknown
wafer1,Chip24NMOS,READ,WL_38,BL_12,1377.5294732105547,0.0007259372807968592,-0.00021778118423905777,0.3000367276691744,set
wafer1,Chip24NMOS,READ,WL_38,BL_13,23589578.10299887,4.2391601733346516e-08,-1.2717480520003955e-08,0.30004126186401026,unknown
wafer1,Chip24NMOS,READ,WL_38,BL_14,1579.1466986229043,0.0006332533898668506,-0.00018997601696005517,0.30032918286009963,set
wafer1,Chip24NMOS,READ,WL_38,BL_15,2404457.878713379,4.158941642741931e-07,-1.2476824928225793e-07,0.2996455142616272,unknown
wafer1,Chip24NMOS,READ,WL_39,BL_8,3527.2849758157363,0.0002835041701638341,-8.505125104915023e-05,0.2987127994040678,set
wafer1,Chip24NMOS,READ,WL_39,BL_9,2856256.9202650557,3.501085609298766e-07,-1.0503256827896299e-07,0.2982271699496314,unknown
wafer1,Chip24NMOS,READ,WL_39,BL_10,1332.58067209334,0.0007504236110742236,-0.00022512708332226707,0.30003867688021646,set
wafer1,Chip24NMOS,READ,WL_39,BL_11,2038647.6526338034,4.905212525117145e-07,-1.4715637575351435e-07,0.30012276461829834,unknown
wafer1,Chip24NMOS,READ,WL_39,BL_12,1350.1639090532321,0.0007406508152785868,-0.000222195244583576,0.30023987166651567,set
wafer1,Chip24NMOS,READ,WL_39,BL_13,12644215.463235347,7.908754820792372e-08,-2.3726264462377116e-08,0.2998838719029939,unknown
wafer1,Chip24NMOS,READ,WL_39,BL_14,1578.2074676268917,0.0006336302549015772,-0.00019008907647047316,0.30028342934451596,set
wafer1,Chip24NMOS,READ,WL_39,BL_15,2474555.328013687,4.0411300918565236e-07,-1.212339027556957e-07,0.29981205813584655,unknown
wafer1,Chip24NMOS,READ,WL_40,BL_8,3485.7298126097107,0.00028688396799501675,-8.606519039850502e-05,0.2985444261995215,set
wafer1,Chip24NMOS,READ,WL_40,BL_9,2955815.8614769457,3.3831606800442755e-07,-1.0149482040132827e-07,0.29824547146309965,unknown
wafer1,Chip24NMOS,READ,WL_40,BL_10,1330.4954186453936,0.0007515997319390411,-0.00022547991958171232,0.30004782764700466,set
wafer1,Chip24NMOS,READ,WL_40,BL_11,2022422.732646615,4.944564674129053e-07,-1.483369402238716e-07,0.3004082617461643,unknown
wafer1,Chip24NMOS,READ,WL_40,BL_12,1345.0273034983131,0.0007434793311623314,-0.0002230437993486994,0.300168496748531,set
wafer1,Chip24NMOS,READ,WL_40,BL_13,19183820.150507793,5.212726100195065e-08,-1.5638178300585197e-08,0.30022061321493554,unknown
wafer1,Chip24NMOS,READ,WL_40,BL_14,1580.4705472268372,0.0006327229582067465,-0.00018981688746202397,0.3002632977976574,set
wafer1,Chip24NMOS,READ,WL_40,BL_15,2469755.2565723644,4.048984195251169e-07,-1.2146952585753508e-07,0.2998029073735279,unknown
wafer1,Chip24NMOS,READ,WL_41,BL_8,3488.0989452855533,0.00028668911509852107,-8.600673452955632e-05,0.2985316151948277,set
wafer1,Chip24NMOS,READ,WL_41,BL_9,2837144.5586304176,3.5246705951519535e-07,-1.0574011785455859e-07,0.29831684736562936,unknown
wafer1,Chip24NMOS,READ,WL_41,BL_10,1329.7752807721251,0.000752006759683002,-0.0002256020279049006,0.30014848608167116,set
wafer1,Chip24NMOS,READ,WL_41,BL_11,2051816.2365225072,4.873730805907045e-07,-1.4621192417721136e-07,0.30036982944048973,unknown
wafer1,Chip24NMOS,READ,WL_41,BL_12,1344.6161638800559,0.0007437066628102823,-0.00022311199884308467,0.2999232598508394,set
wafer1,Chip24NMOS,READ,WL_41,BL_13,25875151.04097463,3.864711739910035e-08,-1.1594135219730103e-08,0.30010897614956333,unknown
wafer1,Chip24NMOS,READ,WL_41,BL_14,1578.8185241917306,0.0006333850184028881,-0.00019001550552086644,0.3003676158131913,set
wafer1,Chip24NMOS,READ,WL_41,BL_15,2450739.7578533287,4.080400608818326e-07,-1.224120182645498e-07,0.29989258484426073,unknown
wafer1,Chip24NMOS,READ,WL_42,BL_8,3493.687222635699,0.00028623054563126646,-8.586916368937994e-05,0.29862678265826637,set
wafer1,Chip24NMOS,READ,WL_42,BL_9,2955815.8614769457,3.3831606800442755e-07,-1.0149482040132827e-07,0.2982180191928966,unknown
wafer1,Chip24NMOS,READ,WL_42,BL_10,1329.988728707322,0.0007518860712240371,-0.0002255658213672111,0.2999599802858406,set
wafer1,Chip24NMOS,READ,WL_42,BL_11,2055135.0073888192,4.865860376105238e-07,-1.4597581128315712e-07,0.3003277369152273,unknown
wafer1,Chip24NMOS,READ,WL_42,BL_12,1344.8386636846274,0.000743583618617992,-0.0002230750855853976,0.3002069293966765,set
wafer1,Chip24NMOS,READ,WL_42,BL_13,25875151.04097463,3.864711739910035e-08,-1.1594135219730103e-08,0.29998818850506337,unknown
wafer1,Chip24NMOS,READ,WL_42,BL_14,1580.1300847403925,0.0006328592877619282,-0.00018985778632857846,0.3001919223133453,set
wafer1,Chip24NMOS,READ,WL_42,BL_15,2616968.551826935,3.821215196880715e-07,-1.1463645590642145e-07,0.2997937566112072,unknown
wafer1,Chip24NMOS,READ,WL_43,BL_8,3696.442105603172,0.0002705304104409404,-8.115912313228211e-05,0.29885921088628115,set
wafer1,Chip24NMOS,READ,WL_43,BL_9,2793528.4447770007,3.579702228805575e-07,-1.0739106686416723e-07,0.29843946750587286,unknown
wafer1,Chip24NMOS,READ,WL_43,BL_10,1355.7080152846338,0.0007376219574758861,-0.0002212865872427658,0.30000390396642196,set
wafer1,Chip24NMOS,READ,WL_43,BL_11,2035381.8756485777,4.913082954918955e-07,-1.4739248864756865e-07,0.3001703474729425,unknown
wafer1,Chip24NMOS,READ,WL_43,BL_12,1376.690000967066,0.000726379939781318,-0.0002179139819343954,0.3000550289301961,set
wafer1,Chip24NMOS,READ,WL_43,BL_13,16987350.239486743,5.886733280364826e-08,-1.7660199841094477e-08,0.2999369452619408,unknown
wafer1,Chip24NMOS,READ,WL_43,BL_14,1578.9552469601283,0.0006333301731795392,-0.00018999905195386173,0.300184601750852,set
wafer1,Chip24NMOS,READ,WL_43,BL_15,2359891.6533803307,4.2374826766626794e-07,-1.2712448029988038e-07,0.29977545508656717,unknown
wafer1,Chip24NMOS,READ,WL_44,BL_8,3666.470378772545,0.0002727418734349024,-8.182256203047071e-05,0.29835592141617157,set
wafer1,Chip24NMOS,READ,WL_44,BL_9,3193268.5922329286,3.1315874976264956e-07,-9.394762492879487e-08,0.298267433279263,unknown
wafer1,Chip24NMOS,READ,WL_44,BL_10,1251.287237321195,0.0007991770156154068,-0.00023975310468462205,0.29994167875226496,set
wafer1,Chip24NMOS,READ,WL_44,BL_11,2022422.732646615,4.944564674129053e-07,-1.483369402238716e-07,0.300335057354403,unknown
wafer1,Chip24NMOS,READ,WL_44,BL_12,1364.3997332794431,0.0007329230397871895,-0.00021987691193615683,0.3000861410739331,set
wafer1,Chip24NMOS,READ,WL_44,BL_13,11550476.22706513,8.657651687614363e-08,-2.5972955062843088e-08,0.29999550896836613,unknown
wafer1,Chip24NMOS,READ,WL_44,BL_14,1578.3928820791268,0.0006335558220984608,-0.00019006674662953822,0.30045729270373733,set
wafer1,Chip24NMOS,READ,WL_44,BL_15,2404457.878713379,4.158941642741931e-07,-1.2476824928225793e-07,0.299861472252373,unknown
wafer1,Chip24NMOS,READ,WL_45,BL_8,3484.779259224187,0.00028696222217031587,-8.608866665109477e-05,0.29848220131958203,set
wafer1,Chip24NMOS,READ,WL_45,BL_9,2928594.4297179165,3.414607327844711e-07,-1.0243821983534132e-07,0.29851999416513597,unknown
wafer1,Chip24NMOS,READ,WL_45,BL_10,1330.6839555547833,0.000751493242122307,-0.0002254479726366921,0.3000734497940103,set
wafer1,Chip24NMOS,READ,WL_45,BL_11,1904213.6956354245,5.25151143641106e-07,-1.5754534309233178e-07,0.3000715215440656,unknown
wafer1,Chip24NMOS,READ,WL_45,BL_12,1344.0507488855862,0.000744019525177264,-0.00022320585755317919,0.30004221804748066,set
wafer1,Chip24NMOS,READ,WL_45,BL_13,22784547.140854284,4.388939546693602e-08,-1.3166818640080805e-08,0.3001547290452075,unknown
wafer1,Chip24NMOS,READ,WL_45,BL_14,1578.8497730226657,0.0006333724823518369,-0.00019001174470555107,0.30022669498518906,set
wafer1,Chip24NMOS,READ,WL_45,BL_15,2559108.801738942,3.907610334193252e-07,-1.1722831002579756e-07,0.2997242108175769,unknown
wafer1,Chip24NMOS,READ,WL_46,BL_8,3490.2806307806954,0.00028650991303708523,-8.595297391112557e-05,0.29845108887961097,set
wafer1,Chip24NMOS,READ,WL_46,BL_9,3115066.716979057,3.210204117136163e-07,-9.630612351408489e-08,0.2980368342095525,unknown
wafer1,Chip24NMOS,READ,WL_46,BL_10,1330.8208528616854,0.0007514159384034929,-0.00022542478152104786,0.30014116546824116,set
wafer1,Chip24NMOS,READ,WL_46,BL_11,1966091.8323783246,5.086232410570207e-07,-1.5258697231710618e-07,0.30041924240492857,unknown
wafer1,Chip24NMOS,READ,WL_46,BL_12,1347.523952801956,0.000742101836424253,-0.0002226305509272759,0.30015751599191776,set
wafer1,Chip24NMOS,READ,WL_46,BL_13,32094332.96686567,3.1158148730880445e-08,-9.347444619264134e-09,0.2999936788525404,unknown
wafer1,Chip24NMOS,READ,WL_46,BL_14,1580.114434819782,0.000632865555787454,-0.00018985966673623617,0.3004920653755824,set
wafer1,Chip24NMOS,READ,WL_46,BL_15,2455466.1282996577,4.072546505426537e-07,-1.221763951627961e-07,0.29992003713121945,unknown
wafer1,Chip24NMOS,READ,WL_47,BL_8,3697.4153705051813,0.00027045919914141784,-8.113775974242535e-05,0.2986048209359353,set
wafer1,Chip24NMOS,READ,WL_47,BL_9,2830830.484249724,3.5325322571020617e-07,-1.0597596771306184e-07,0.2984907117435854,unknown
wafer1,Chip24NMOS,READ,WL_47,BL_10,1355.1660086822621,0.0007379169737089119,-0.00022137509211267358,0.3000734497940103,set
wafer1,Chip24NMOS,READ,WL_47,BL_11,1978336.9369924185,5.054750691357244e-07,-1.5164252074071732e-07,0.3002344013157328,unknown
wafer1,Chip24NMOS,READ,WL_47,BL_12,1377.9866331942817,0.0007256964442985351,-0.0002177089332895605,0.2999653527511891,set
wafer1,Chip24NMOS,READ,WL_47,BL_13,17898134.271315563,5.5871745336196833e-08,-1.676152360085905e-08,0.30010897614956333,unknown
wafer1,Chip24NMOS,READ,WL_47,BL_14,1579.5981612927228,0.0006330724006297987,-0.0001899217201889396,0.30031454173511307,set
wafer1,Chip24NMOS,READ,WL_47,BL_15,2579850.2873643995,3.8761939206232383e-07,-1.1628581761869715e-07,0.3000371668889117,unknown
wafer1,Chip24NMOS,READ,WL_48,BL_8,3667.785814639087,0.00027264405571577813,-8.179321671473343e-05,0.2984657300278324,set
wafer1,Chip24NMOS,READ,WL_48,BL_9,2935352.673993651,3.4067456658946017e-07,-1.0220236997683805e-07,0.29823998100905985,unknown
wafer1,Chip24NMOS,READ,WL_48,BL_10,1226.273697022157,0.0008154786345237342,-0.0002446435903571203,0.30010273224773165,set
wafer1,Chip24NMOS,READ,WL_48,BL_11,1960025.948873562,5.101973270173824e-07,-1.5305919810521472e-07,0.30019962922964677,unknown
wafer1,Chip24NMOS,READ,WL_48,BL_12,1371.443108010121,0.0007291589378803602,-0.00021874768136410808,0.29991593934643035,set
wafer1,Chip24NMOS,READ,WL_48,BL_13,30622297.950457625,3.265594246446994e-08,-9.796782739340981e-09,0.3000888448754801,unknown
wafer1,Chip24NMOS,READ,WL_48,BL_14,1580.1829055112212,0.0006328381331757793,-0.00018985143995273377,0.30022303470394307,set
wafer1,Chip24NMOS,READ,WL_48,BL_15,2523602.5875471607,3.962589057938633e-07,-1.1887767173815898e-07,0.299912716521364,unknown
wafer1,Chip24NMOS,READ,WL_49,BL_8,3482.642408450522,0.0002871382940647399,-8.614148821942196e-05,0.29854076591246625,set
wafer1,Chip24NMOS,READ,WL_49,BL_9,2862685.058477791,3.493223947351518e-07,-1.0479671842054554e-07,0.29827658403599777,unknown
wafer1,Chip24NMOS,READ,WL_49,BL_10,1329.3653181696586,0.0007522386708394451,-0.00022567160125183352,0.2999526596724099,set
wafer1,Chip24NMOS,READ,WL_49,BL_11,1907071.8203992655,5.243641006612113e-07,-1.573092301983634e-07,0.30029662504872917,unknown
wafer1,Chip24NMOS,READ,WL_49,BL_12,1344.9675844516753,0.0007435123430187993,-0.0002230537029056398,0.30021974027939186,set
wafer1,Chip24NMOS,READ,WL_49,BL_13,14265175.325847268,7.010078580584188e-08,-2.1030235741752565e-08,0.29998635838923704,unknown
wafer1,Chip24NMOS,READ,WL_49,BL_14,1580.098785209169,0.0006328718238129794,-0.00018986154714389382,0.300503046219323,set
wafer1,Chip24NMOS,READ,WL_49,BL_15,2595628.3940796796,3.8526316104450134e-07,-1.155789483133504e-07,0.29983035966048655,unknown
wafer1,Chip24NMOS,READ,WL_50,BL_8,3503.476296821801,0.00028543078795970615,-8.562923638791184e-05,0.2986322730888498,set
wafer1,Chip24NMOS,READ,WL_50,BL_9,2948963.171418869,3.391022341994384e-07,-1.0173067025983152e-07,0.2983003760035079,unknown
wafer1,Chip24NMOS,READ,WL_50,BL_10,1330.9605730296332,0.0007513370570577641,-0.00022540111711732923,0.29997462151270127,set
wafer1,Chip24NMOS,READ,WL_50,BL_11,1898523.0700949698,5.26725229601754e-07,-1.5801756888052622e-07,0.3003277369152273,unknown
wafer1,Chip24NMOS,READ,WL_50,BL_12,1346.2948684029807,0.0007427793297513144,-0.0002228337989253943,0.299987314264415,set
wafer1,Chip24NMOS,READ,WL_50,BL_13,22784547.140854284,4.388939546693602e-08,-1.3166818640080805e-08,0.30003760163235826,unknown
wafer1,Chip24NMOS,READ,WL_50,BL_14,1578.6349622879388,0.0006334586677028142,-0.00019003760031084424,0.300234015547683,set
wafer1,Chip24NMOS,READ,WL_50,BL_15,2333936.1828975948,4.2846072970105567e-07,-1.285382189103167e-07,0.2999584703329627,unknown
wafer1,Chip24NMOS,READ,WL_51,BL_8,3702.6112086182775,0.0002700796663912156,-8.102389991736468e-05,0.2984272970137503,set
wafer1,Chip24NMOS,READ,WL_51,BL_9,2799677.0328446343,3.571840566852606e-07,-1.0715521700557816e-07,0.2983131870629357,unknown
wafer1,Chip24NMOS,READ,WL_51,BL_10,1355.700766347711,0.0007376259015431725,-0.00022128777046295174,0.2999050756851136,set
wafer1,Chip24NMOS,READ,WL_51,BL_11,2012811.1551197467,4.968175963534481e-07,-1.4904527890603443e-07,0.3003496982327558,unknown
wafer1,Chip24NMOS,READ,WL_51,BL_12,1376.3815032238965,0.000726542748255263,-0.0002179628244765789,0.30005685905629814,set
wafer1,Chip24NMOS,READ,WL_51,BL_13,12182770.453094643,8.208313567510271e-08,-2.4624940702530812e-08,0.29998269815758566,unknown
wafer1,Chip24NMOS,READ,WL_51,BL_14,1578.6837777766232,0.0006334390801230464,-0.0001900317240369139,0.3002102237195792,set
wafer1,Chip24NMOS,READ,WL_51,BL_15,2455466.1282996577,4.072546505426537e-07,-1.221763951627961e-07,0.2997297012749692,unknown
wafer1,Chip24NMOS,READ,WL_52,BL_8,3483.6012927769693,0.00028705925734768726,-8.611777720430616e-05,0.29858285921360356,set
wafer1,Chip24NMOS,READ,WL_52,BL_9,3092347.6088077547,3.2337891029836295e-07,-9.701367308950887e-08,0.29822167949559025,unknown
wafer1,Chip24NMOS,READ,WL_52,BL_10,1329.9845427950727,0.0007518884376644087,-0.00022556653129932259,0.3002107112958289,set
wafer1,Chip24NMOS,READ,WL_52,BL_11,1960025.948873562,5.101973270173824e-07,-1.5305919810521472e-07,0.30022708087655775,unknown
wafer1,Chip24NMOS,READ,WL_52,BL_12,1344.617520363087,0.0007437059125408169,-0.00022311177376224507,0.30014287498310027,set
wafer1,Chip24NMOS,READ,WL_52,BL_13,13541828.719739957,7.384527014008806e-08,-2.215358104202642e-08,0.29992047421950896,unknown
wafer1,Chip24NMOS,READ,WL_52,BL_14,1579.3127912386292,0.0006331867920956408,-0.00018995603762869223,0.3003932377819191,set
wafer1,Chip24NMOS,READ,WL_52,BL_15,2543770.2448193594,3.9311726443714766e-07,-1.1793517933114429e-07,0.299879773777013,unknown
wafer1,Chip24NMOS,READ,WL_53,BL_8,3482.4810639793063,0.0002871515972745408,-8.614547918236223e-05,0.29840350514789094,set
wafer1,Chip24NMOS,READ,WL_53,BL_9,3033352.5620439015,3.296682398587359e-07,-9.890047195762077e-08,0.2980075517880019,unknown
wafer1,Chip24NMOS,READ,WL_53,BL_10,1328.6380478845604,0.0007526504314641498,-0.00022579512943924493,0.2999197169119736,set
wafer1,Chip24NMOS,READ,WL_53,BL_11,2048508.1671255976,4.881601235708855e-07,-1.4644803707126566e-07,0.3000312591285984,unknown
wafer1,Chip24NMOS,READ,WL_53,BL_12,1341.7046896695415,0.0007453204924298935,-0.000223596147728968,0.30007333019121707,set
wafer1,Chip24NMOS,READ,WL_53,BL_13,22032648.807043094,4.538718920079794e-08,-1.3616156760239383e-08,0.30001381012662365,unknown
wafer1,Chip24NMOS,READ,WL_53,BL_14,1577.6904890522808,0.0006338378832471129,-0.00019015136497413387,0.3004005583444124,set
wafer1,Chip24NMOS,READ,WL_53,BL_15,2455466.1282996577,4.072546505426537e-07,-1.221763951627961e-07,0.2997113997503291,unknown
wafer1,Chip24NMOS,READ,WL_54,BL_8,3488.4322140776667,0.0002866617261371661,-8.599851784114982e-05,0.29867436638998707,set
wafer1,Chip24NMOS,READ,WL_54,BL_9,3084848.0373534574,3.2416507649365986e-07,-9.724952294809795e-08,0.2982692634306098,unknown
wafer1,Chip24NMOS,READ,WL_54,BL_10,1330.1994536692328,0.0007517669603919864,-0.0002255300881175959,0.2999306978321193,set
wafer1,Chip24NMOS,READ,WL_54,BL_11,2071891.216067889,4.826508227096192e-07,-1.4479524681288575e-07,0.3003936208678115,unknown
wafer1,Chip24NMOS,READ,WL_54,BL_12,1344.7735341689136,0.0007436196315523209,-0.00022308588946569628,0.30016483649632747,set
wafer1,Chip24NMOS,READ,WL_54,BL_13,32884728.78154007,3.04092518640857e-08,-9.12277555922571e-09,0.29993145491446377,unknown
wafer1,Chip24NMOS,READ,WL_54,BL_14,1580.8875200507357,0.0006325560720271274,-0.00018976682160813823,0.30052134762555616,set
wafer1,Chip24NMOS,READ,WL_54,BL_15,2528614.4621424023,3.9547349545439867e-07,-1.1864204863631959e-07,0.2997974169161356,unknown
wafer1,Chip24NMOS,READ,WL_55,BL_8,3492.0355791700867,0.0002863659253545346,-8.590977760636037e-05,0.2982406223739287,set
wafer1,Chip24NMOS,READ,WL_55,BL_9,3011805.6295291316,3.3202673844405455e-07,-9.960802153321636e-08,0.29809173874995937,unknown
wafer1,Chip24NMOS,READ,WL_55,BL_10,1330.0612887064399,0.000751845052924258,-0.00022555351587727737,0.2999325279854774,set
wafer1,Chip24NMOS,READ,WL_55,BL_11,2082076.7402949948,4.802896937690764e-07,-1.4408690813072293e-07,0.30018498835129465,unknown
wafer1,Chip24NMOS,READ,WL_55,BL_12,1345.1331821155743,0.0007434208101440469,-0.00022302624304321406,0.3000385577952765,set
wafer1,Chip24NMOS,READ,WL_55,BL_13,48370886.452437915,2.0673592595481565e-08,-6.202077778644469e-09,0.3000705437172226,unknown
wafer1,Chip24NMOS,READ,WL_55,BL_14,1580.122259741337,0.000632862421774691,-0.0001898587265324073,0.30033101300072357,set
wafer1,Chip24NMOS,READ,WL_55,BL_15,2436669.189604928,4.103962918996551e-07,-1.2311888756989652e-07,0.299667476091195,unknown
wafer1,Chip24NMOS,READ,WL_56,BL_8,3488.727448194979,0.0002866374673428234,-8.599124020284703e-05,0.29869815825584645,set
wafer1,Chip24NMOS,READ,WL_56,BL_9,3047889.282481695,3.280959074687142e-07,-9.842877224061426e-08,0.29818507646865167,unknown
wafer1,Chip24NMOS,READ,WL_56,BL_10,1329.4977614324143,0.0007521637335610027,-0.00022564912006830078,0.3000167150399251,set
wafer1,Chip24NMOS,READ,WL_56,BL_11,2045210.7475194312,4.889471665513528e-07,-1.4668414996540583e-07,0.3001191043987098,unknown
wafer1,Chip24NMOS,READ,WL_56,BL_12,1344.3611936849554,0.0007438477134697368,-0.00022315431404092102,0.3001520256136121,set
wafer1,Chip24NMOS,READ,WL_56,BL_13,22784547.140854284,4.388939546693602e-08,-1.3166818640080805e-08,0.3000321112848805,unknown
wafer1,Chip24NMOS,READ,WL_56,BL_14,1580.1007413935424,0.000632871040309789,-0.0001898613120929367,0.30044082143812745,set
wafer1,Chip24NMOS,READ,WL_56,BL_15,2422759.267302224,4.127525229171918e-07,-1.2382575687515754e-07,0.29977545508656717,unknown
wafer1,Chip24NMOS,READ,WL_57,BL_8,3487.318393417277,0.0002867532835222667,-8.602598505668e-05,0.29847488074547035,set
wafer1,Chip24NMOS,READ,WL_57,BL_9,3153682.9361362606,3.1708958073798995e-07,-9.512687422139698e-08,0.29831684736562936,unknown
wafer1,Chip24NMOS,READ,WL_57,BL_10,1330.2985593492365,0.0007517109546365187,-0.0002255132863909556,0.30009541163430165,set
wafer1,Chip24NMOS,READ,WL_57,BL_11,1924402.3819387231,5.196418427795534e-07,-1.55892552833866e-07,0.3002746637312013,unknown
wafer1,Chip24NMOS,READ,WL_57,BL_12,1344.4208588927963,0.0007438147016132689,-0.00022314441048398064,0.30013189422648834,set
wafer1,Chip24NMOS,READ,WL_57,BL_13,24453579.86746071,4.089380799948459e-08,-1.2268142399845375e-08,0.29992779468281305,unknown
wafer1,Chip24NMOS,READ,WL_57,BL_14,1580.7191383455863,0.0006326234533015276,-0.00018978703599045827,0.30028708962576256,set
wafer1,Chip24NMOS,READ,WL_57,BL_15,2528614.4621424023,3.9547349545439867e-07,-1.1864204863631959e-07,0.29978826615381493,unknown
wafer1,Chip24NMOS,READ,WL_58,BL_8,3670.4406049680692,0.00027244685519402364,-8.173405655820708e-05,0.29856638792185386,set
wafer1,Chip24NMOS,READ,WL_58,BL_9,2942142.18208187,3.3988840039416337e-07,-1.01966520118249e-07,0.2983406393331401,unknown
wafer1,Chip24NMOS,READ,WL_58,BL_10,1223.8220378630647,0.0008171122671937793,-0.0002451336801581338,0.30005331810707714,set
wafer1,Chip24NMOS,READ,WL_58,BL_11,1969138.8754632566,5.078361980765534e-07,-1.52350859422966e-07,0.3002142701079989,unknown
wafer1,Chip24NMOS,READ,WL_58,BL_12,1372.5291409099752,0.0007285819806616335,-0.00021857459419849002,0.30007150006511496,set
wafer1,Chip24NMOS,READ,WL_58,BL_13,22032648.807043094,4.538718920079794e-08,-1.3616156760239383e-08,0.29996805723097947,unknown
wafer1,Chip24NMOS,READ,WL_58,BL_14,1579.7995460511293,0.0006329916998011567,-0.000189897509940347,0.3002376758289303,set
wafer1,Chip24NMOS,READ,WL_58,BL_15,2432014.8356678383,4.1118170223883406e-07,-1.233545106716502e-07,0.299625382584524,unknown
wafer1,Chip24NMOS,READ,WL_59,BL_8,3698.250005577759,0.0002703981608846844,-8.111944826540533e-05,0.2985371056254111,set
wafer1,Chip24NMOS,READ,WL_59,BL_9,3099883.7335248124,3.2259274410363806e-07,-9.677782323109142e-08,0.29818690661999914,unknown
wafer1,Chip24NMOS,READ,WL_59,BL_10,1355.8399594822772,0.0007375501754512727,-0.00022126505263538181,0.30007711010072596,set
wafer1,Chip24NMOS,READ,WL_59,BL_11,2006454.0310091989,4.983916823138099e-07,-1.4951750469414297e-07,0.29985556858837303,unknown
wafer1,Chip24NMOS,READ,WL_59,BL_12,1377.77724190158,0.0007258067339099174,-0.0002177420201729752,0.3000952917044443,set
wafer1,Chip24NMOS,READ,WL_59,BL_13,13541828.719739957,7.384527014008806e-08,-2.215358104202642e-08,0.29981432750161446,unknown
wafer1,Chip24NMOS,READ,WL_59,BL_14,1383.1667888590084,0.0007229786082594656,-0.00021689358247783965,0.3003584651100741,set
wafer1,Chip24NMOS,READ,WL_59,BL_15,2364273.7953859433,4.2296285732708904e-07,-1.268888571981267e-07,0.2995576669433582,unknown
wafer1,Chip24NMOS,READ,WL_60,BL_8,3484.294676590899,0.00028700213179971883,-8.610063953991565e-05,0.29864874438059946,set
wafer1,Chip24NMOS,READ,WL_60,BL_9,3138122.1250541676,3.1866191312829767e-07,-9.55985739384893e-08,0.29819605737673327,unknown
wafer1,Chip24NMOS,READ,WL_60,BL_10,1328.7327429930726,0.000752596792149054,-0.00022577903764471624,0.2999069058384704,set
wafer1,Chip24NMOS,READ,WL_60,BL_11,2095814.2484158492,4.771415218480665e-07,-1.4314245655441995e-07,0.3001209345085044,unknown
wafer1,Chip24NMOS,READ,WL_60,BL_12,1344.15782936236,0.0007439602538895144,-0.00022318807616685435,0.3001501954875094,set
wafer1,Chip24NMOS,READ,WL_60,BL_13,26386463.162690137,3.7898220532033164e-08,-1.1369466159609947e-08,0.30006871360139625,unknown
wafer1,Chip24NMOS,READ,WL_60,BL_14,1579.2307175796327,0.0006332196992296504,-0.00018996590976889512,0.3003511445475808,set
wafer1,Chip24NMOS,READ,WL_60,BL_15,2441341.3925683443,4.096108815604762e-07,-1.2288326446814284e-07,0.2998248692030943,unknown
wafer1,Chip24NMOS,READ,WL_61,BL_8,3603.627469232287,0.00027749816220960235,-8.324944866288071e-05,0.2985499166301049,set
wafer1,Chip24NMOS,READ,WL_61,BL_9,2962700.473765695,3.375299018091307e-07,-1.012589705427392e-07,0.2982839046413851,unknown
wafer1,Chip24NMOS,READ,WL_61,BL_10,1344.6129469227753,0.0007437084421123253,-0.0002231125326336976,0.2998849439981804,set
wafer1,Chip24NMOS,READ,WL_61,BL_11,1993859.4940289676,5.015398542348198e-07,-1.5046195627044593e-07,0.30022891098635035,unknown
wafer1,Chip24NMOS,READ,WL_61,BL_12,1311.000420531171,0.0007627762618068692,-0.00022883287854206076,0.300023916786459,set
wafer1,Chip24NMOS,READ,WL_61,BL_13,19183820.150507793,5.212726100195065e-08,-1.5638178300585197e-08,0.3000979954546086,unknown
wafer1,Chip24NMOS,READ,WL_61,BL_14,1580.558621749537,0.0006326877005631651,-0.00018980631016894952,0.3003474842663341,set
wafer1,Chip24NMOS,READ,WL_61,BL_15,2312738.803043642,4.323877813975216e-07,-1.2971633441925647e-07,0.2996272127369885,unknown
wafer1,Chip24NMOS,READ,WL_62,BL_8,3512.470574126859,0.0002846998939624094,-8.540996818872282e-05,0.29845840945372065,set
wafer1,Chip24NMOS,READ,WL_62,BL_9,2745295.197610949,3.6425955244093044e-07,-1.0927786573227913e-07,0.29809905935534736,unknown
wafer1,Chip24NMOS,READ,WL_62,BL_10,1323.6785287905432,0.0007554704395739567,-0.00022664113187218703,0.300033186420144,set
wafer1,Chip24NMOS,READ,WL_62,BL_11,1957007.0215754914,5.10984369997277e-07,-1.532953109991831e-07,0.3001813281317068,unknown
wafer1,Chip24NMOS,READ,WL_62,BL_12,1347.030960754363,0.0007423734339706498,-0.00022271203019119494,0.29994339123796254,set
wafer1,Chip24NMOS,READ,WL_62,BL_13,98144707.20280091,1.0189036459537793e-08,-3.0567109378613377e-09,0.29997171746263085,unknown
wafer1,Chip24NMOS,READ,WL_62,BL_14,1579.4613271657356,0.0006331272458531479,-0.00018993817375594438,0.3002632977976574,set
wafer1,Chip24NMOS,READ,WL_62,BL_15,2404457.878713379,4.158941642741931e-07,-1.2476824928225793e-07,0.29977545508656717,unknown
wafer1,Chip24NMOS,READ,WL_63,BL_8,3574.8561387366653,0.00027973153637264814,-8.391946091179444e-05,0.2987365912699272,set
wafer1,Chip24NMOS,READ,WL_63,BL_9,2869142.1956029185,3.4853622853985496e-07,-1.0456086856195648e-07,0.2983406393331401,unknown
wafer1,Chip24NMOS,READ,WL_63,BL_10,1340.5833161362548,0.0007459439394502815,-0.00022378318183508442,0.2999489993656949,set
wafer1,Chip24NMOS,READ,WL_63,BL_11,1957007.0215754914,5.10984369997277e-07,-1.532953109991831e-07,0.3002728336214074,unknown
wafer1,Chip24NMOS,READ,WL_63,BL_12,1317.9670436306067,0.0007587443137009692,-0.00022762329411029077,0.30003306741697017,set
wafer1,Chip24NMOS,READ,WL_63,BL_13,19751343.515022714,5.0629467268361163e-08,-1.518884018050835e-08,0.3000430919798353,unknown
wafer1,Chip24NMOS,READ,WL_63,BL_14,1581.1617065482865,0.0006324463815804291,-0.00018973391447412873,0.3003273527194763,set
wafer1,Chip24NMOS,READ,WL_63,BL_15,2489068.1485424438,4.0175677816840135e-07,-1.205270334505204e-07,0.2998962451491885,unknown
