chip3nmos,fullarray,READ,WL_0,BL_8,10562.855779290298,9.46713673740217e-05,-2.8401410212206506e-05,0.29846206974077655,unknown
chip3nmos,fullarray,READ,WL_0,BL_9,2279.2135749279564,0.00043874782556593405,-0.00013162434766978023,0.2981978875280808,set
chip3nmos,fullarray,READ,WL_0,BL_10,4157.269843832732,0.00024054248041740424,-7.216274412522127e-05,0.3000203753466408,set
chip3nmos,fullarray,READ,WL_0,BL_11,5641.2183668007065,0.00017726667095270204,-5.318000128581061e-05,0.3002142701079989,unknown
chip3nmos,fullarray,READ,WL_0,BL_12,1910.7579692320617,0.0005233525208856789,-0.00015700575626570367,0.3000696699390142,set
chip3nmos,fullarray,READ,WL_0,BL_13,40807.81892210084,2.450510775665142e-05,-7.351532326995426e-06,0.30029747807961704,unknown
chip3nmos,fullarray,READ,WL_0,BL_14,6155.523311844479,0.00016245572461333978,-4.873671738400193e-05,0.30033101300072357,unknown
chip3nmos,fullarray,READ,WL_0,BL_15,104511.98245298435,9.568280847125438e-06,-2.8704842541376316e-06,0.29987794362454845,reset
chip3nmos,fullarray,READ,WL_1,BL_8,10598.423511248433,9.43536554223059e-05,-2.830609662669177e-05,0.2983797132820316,unknown
chip3nmos,fullarray,READ,WL_1,BL_9,2294.2968869711526,0.0004358633817963131,-0.00013075901453889392,0.29808990859861256,set
chip3nmos,fullarray,READ,WL_1,BL_10,4170.824174072894,0.00023976076628123114,-7.192822988436935e-05,0.2996891175889192,set
chip3nmos,fullarray,READ,WL_1,BL_11,5657.167759230396,0.0001767668986602654,-5.303006959807962e-05,0.29996537517601357,unknown
chip3nmos,fullarray,READ,WL_1,BL_12,1911.8789719249248,0.0005230456606744184,-0.0001569136982023255,0.29991593934643035,set
chip3nmos,fullarray,READ,WL_1,BL_13,41694.679345843615,2.3983875537339664e-05,-7.195162661201899e-06,0.30004492209566164,unknown
chip3nmos,fullarray,READ,WL_1,BL_14,6083.7548059807705,0.00016437217341779253,-4.931165202533776e-05,0.30042252003189357,unknown
chip3nmos,fullarray,READ,WL_1,BL_15,104383.45803700716,9.580062002213695e-06,-2.874018600664108e-06,0.3000371668889117,reset
chip3nmos,fullarray,READ,WL_2,BL_8,10598.423511248433,9.43536554223059e-05,-2.830609662669177e-05,0.2984364477313896,unknown
chip3nmos,fullarray,READ,WL_2,BL_9,2077.513402384198,0.0004813446685120679,-0.00014440340055362036,0.29815762419844855,set
chip3nmos,fullarray,READ,WL_2,BL_10,4194.546489817591,0.000238404795948152,-7.152143878444561e-05,0.2999654707459138,set
chip3nmos,fullarray,READ,WL_2,BL_11,5685.290928423373,0.00017589249390924605,-5.276774817277382e-05,0.3001740076925304,unknown
chip3nmos,fullarray,READ,WL_2,BL_12,1912.806368264788,0.000522792069595186,-0.0001568376208785558,0.30014287498310027,set
chip3nmos,fullarray,READ,WL_2,BL_13,42264.79792690281,2.366035209087017e-05,-7.0981056272610505e-06,0.3001254471919952,unknown
chip3nmos,fullarray,READ,WL_2,BL_14,6215.022213132919,0.0001609004707797998,-4.827014123393994e-05,0.30036578567256733,unknown
chip3nmos,fullarray,READ,WL_2,BL_15,104409.13762536057,9.577705771195872e-06,-2.8733117313587616e-06,0.299837680270342,reset
chip3nmos,fullarray,READ,WL_3,BL_8,9659.717410829813,0.00010352269714214088,-3.105680914264226e-05,0.29863959366296083,unknown
chip3nmos,fullarray,READ,WL_3,BL_9,2120.231895403109,0.0004716465223299903,-0.00014149395669899706,0.298102719658041,set
chip3nmos,fullarray,READ,WL_3,BL_10,4083.6826556670926,0.00024487701036520534,-7.34631031095616e-05,0.2999160566052586,set
chip3nmos,fullarray,READ,WL_3,BL_11,4027.4938526821743,0.0002482933647022289,-7.448800941066866e-05,0.2999781859445711,set
chip3nmos,fullarray,READ,WL_3,BL_12,1762.1265683175889,0.0005674961254087224,-0.0001702488376226167,0.30013189422648834,set
chip3nmos,fullarray,READ,WL_3,BL_13,40734.37118410115,2.4549292671794218e-05,-7.364787801538265e-06,0.30017486031929075,unknown
chip3nmos,fullarray,READ,WL_3,BL_14,6061.276882317106,0.00016498173890015726,-4.949452167004717e-05,0.3005286681880508,unknown
chip3nmos,fullarray,READ,WL_3,BL_15,2495.4841976587645,0.00040072383585445614,-0.00012021715075633683,0.29964002380423627,set
chip3nmos,fullarray,READ,WL_4,BL_8,10573.343532467363,9.45774623636619e-05,-2.837323870909857e-05,0.29822598122570726,unknown
chip3nmos,fullarray,READ,WL_4,BL_9,2293.02715646252,0.00043610473481819196,-0.00013083142044545756,0.2980752673878379,set
chip3nmos,fullarray,READ,WL_4,BL_10,4183.3211013606315,0.00023904452366201305,-7.171335709860391e-05,0.2998849439981804,set
chip3nmos,fullarray,READ,WL_4,BL_11,5684.146393862358,0.0001759279108433559,-5.277837325300677e-05,0.3000111279208639,unknown
chip3nmos,fullarray,READ,WL_4,BL_12,1912.4742679773312,0.0005228828522004737,-0.0001568648556601421,0.3002783043146618,set
chip3nmos,fullarray,READ,WL_4,BL_13,43215.45683804911,2.3139868768425204e-05,-6.941960630527561e-06,0.30022793367823764,unknown
chip3nmos,fullarray,READ,WL_4,BL_14,6190.244394613502,0.00016154451040255522,-4.846335312076657e-05,0.30033101300072357,unknown
chip3nmos,fullarray,READ,WL_4,BL_15,103991.2801966943,9.616190877817352e-06,-2.884857263345206e-06,0.29991088636889945,reset
chip3nmos,fullarray,READ,WL_5,BL_8,10394.03129037365,9.620906191865538e-05,-2.8862718575596614e-05,0.29852795490777245,unknown
chip3nmos,fullarray,READ,WL_5,BL_9,2301.3410078468823,0.0004345292577633215,-0.00013035877732899643,0.29803134375551205,set
chip3nmos,fullarray,READ,WL_5,BL_10,4184.135718019256,0.00023899798366803306,-7.169939510040991e-05,0.30011188301451985,set
chip3nmos,fullarray,READ,WL_5,BL_11,5665.441561070645,0.00017650874856275488,-5.295262456882647e-05,0.30001295803065714,unknown
chip3nmos,fullarray,READ,WL_5,BL_12,1908.5882258175106,0.0005239474845715698,-0.00015718424537147094,0.30014653523530516,set
chip3nmos,fullarray,READ,WL_5,BL_13,43379.71755107682,2.3052247835006405e-05,-6.915674350501921e-06,0.29998086804175994,unknown
chip3nmos,fullarray,READ,WL_5,BL_14,6239.785639406722,0.00016026191567937898,-4.8078574703813696e-05,0.30047925439121914,unknown
chip3nmos,fullarray,READ,WL_5,BL_15,91417.52285049828,1.0938821889052634e-05,-3.28164656671579e-06,0.2994972719120479,unknown
chip3nmos,fullarray,READ,WL_6,BL_8,10392.594265013191,9.622236512845628e-05,-2.8866709538536884e-05,0.2984785410325255,unknown
chip3nmos,fullarray,READ,WL_6,BL_9,2260.914312645082,0.00044229893826895324,-0.00013268968148068597,0.29808807844726576,set
chip3nmos,fullarray,READ,WL_6,BL_10,4110.868878398372,0.00024325757633739177,-7.297727290121754e-05,0.2998629821578891,set
chip3nmos,fullarray,READ,WL_6,BL_11,5563.873468380453,0.0001797309025237561,-5.3919270757126826e-05,0.30022708087655775,unknown
chip3nmos,fullarray,READ,WL_6,BL_12,1316.9148615967144,0.0007593505314288382,-0.00022780515942865144,0.3002673235580492,set
chip3nmos,fullarray,READ,WL_6,BL_13,43390.994674311914,2.304625666007178e-05,-6.913876998021533e-06,0.30017486031929075,unknown
chip3nmos,fullarray,READ,WL_6,BL_14,6123.597782938913,0.00016330269156248657,-4.899080746874598e-05,0.30038225693817855,unknown
chip3nmos,fullarray,READ,WL_6,BL_15,8696.172033393126,0.0001149931252693737,-3.4497937580812106e-05,0.2997150600552569,unknown
chip3nmos,fullarray,READ,WL_7,BL_8,10936.57076110724,9.143633976714271e-05,-2.7430901930142812e-05,0.29848220131958203,unknown
chip3nmos,fullarray,READ,WL_7,BL_9,2183.701044834425,0.00045793814238698737,-0.0001373814427160962,0.29817226540922387,set
chip3nmos,fullarray,READ,WL_7,BL_10,4342.3606955062205,0.00023028948309956613,-6.908684492986984e-05,0.300025865806714,set
chip3nmos,fullarray,READ,WL_7,BL_11,5856.975858712925,0.00017073657534585616,-5.122097260375685e-05,0.30004223978736133,unknown
chip3nmos,fullarray,READ,WL_7,BL_12,1916.8226397950182,0.0005216966761760172,-0.00015650900285280514,0.3002545126753338,set
chip3nmos,fullarray,READ,WL_7,BL_13,44783.6811104602,2.2329562358517872e-05,-6.698868707555362e-06,0.3000064896633202,unknown
chip3nmos,fullarray,READ,WL_7,BL_14,6459.681964418909,0.00015480638296253284,-4.644191488875985e-05,0.300325522578853,unknown
chip3nmos,fullarray,READ,WL_7,BL_15,105150.69665651047,9.51016048202363e-06,-2.8530481446070886e-06,0.2998450008801975,reset
chip3nmos,fullarray,READ,WL_8,BL_8,10403.508694415317,9.612141724232015e-05,-2.883642517269604e-05,0.2983687324208647,unknown
chip3nmos,fullarray,READ,WL_8,BL_9,2210.700268211074,0.0004523453560754359,-0.00013570360682263076,0.298113700566122,set
chip3nmos,fullarray,READ,WL_8,BL_10,4122.539311813889,0.00024256894218917875,-7.277068265675362e-05,0.3000020738130658,set
chip3nmos,fullarray,READ,WL_8,BL_11,5550.578073621628,0.00018016141503393398,-5.404842451018019e-05,0.30025270241367347,unknown
chip3nmos,fullarray,READ,WL_8,BL_12,1671.0986209829823,0.0005984087279132424,-0.0001795226183739727,0.30019228838785966,set
chip3nmos,fullarray,READ,WL_8,BL_13,41715.520429678814,2.3971893187470405e-05,-7.191567956241121e-06,0.3001108062653897,unknown
chip3nmos,fullarray,READ,WL_8,BL_14,6126.066710992459,0.00016323687729446782,-4.897106318834034e-05,0.30042252003189357,unknown
chip3nmos,fullarray,READ,WL_8,BL_15,53565.21946071709,1.866883044758859e-05,-5.6006491342765765e-06,0.2998596420999098,unknown
chip3nmos,fullarray,READ,WL_9,BL_8,10760.219489845129,9.293490722412697e-05,-2.7880472167238092e-05,0.29843461758786133,unknown
chip3nmos,fullarray,READ,WL_9,BL_9,2335.598350726655,0.00042815580842009004,-0.00012844674252602702,0.2982637729765693,set
chip3nmos,fullarray,READ,WL_9,BL_10,4265.637588968642,0.00023443154256378888,-7.032946276913666e-05,0.2999160566052586,set
chip3nmos,fullarray,READ,WL_9,BL_11,5748.125820849567,0.00017396974790858023,-5.219092437257406e-05,0.3002801540605838,unknown
chip3nmos,fullarray,READ,WL_9,BL_12,1915.0875243386288,0.0005221693459390832,-0.00015665080378172498,0.3001849678834513,set
chip3nmos,fullarray,READ,WL_9,BL_13,44196.69639037939,2.2626125517781397e-05,-6.787837655334419e-06,0.30026087576310134,unknown
chip3nmos,fullarray,READ,WL_9,BL_14,6339.96274925085,0.00015772963336703566,-4.73188900101107e-05,0.3004389912975041,unknown
chip3nmos,fullarray,READ,WL_9,BL_15,107150.61317844,9.33265774536148e-06,-2.799797323608444e-06,0.2998413405752691,reset
chip3nmos,fullarray,READ,WL_10,BL_8,10331.927610876352,9.678736027411833e-05,-2.9036208082235495e-05,0.2983174884020908,unknown
chip3nmos,fullarray,READ,WL_10,BL_9,2219.1660790287515,0.0004506197212773114,-0.0001351859163831934,0.2982948855494667,set
chip3nmos,fullarray,READ,WL_10,BL_10,3748.8614855468522,0.000266747652281991,-8.00242956845973e-05,0.29998743258620447,set
chip3nmos,fullarray,READ,WL_10,BL_11,2729.719503236115,0.00036633800608981546,-0.00010990140182694463,0.3002142701079989,set
chip3nmos,fullarray,READ,WL_10,BL_12,1907.6321503168804,0.0005242100788843846,-0.00015726302366531536,0.2999653527511891,set
chip3nmos,fullarray,READ,WL_10,BL_13,43299.537404508636,2.309493495641534e-05,-6.928480486924602e-06,0.3001162966128661,unknown
chip3nmos,fullarray,READ,WL_10,BL_14,5067.74773921745,0.00019732631761864647,-5.919789528559394e-05,0.3004316707350102,unknown
chip3nmos,fullarray,READ,WL_10,BL_15,14716.832935904087,6.794940218152091e-05,-2.0384820654456273e-05,0.299740682189753,unknown
chip3nmos,fullarray,READ,WL_11,BL_8,10770.55832753763,9.284569746428553e-05,-2.7853709239285658e-05,0.29837422285144816,unknown
chip3nmos,fullarray,READ,WL_11,BL_9,2335.495430013046,0.0004281746764087712,-0.00012845240292263136,0.2982125287388554,set
chip3nmos,fullarray,READ,WL_11,BL_10,4268.797584794246,0.00023425800360318548,-7.027740108095564e-05,0.2997897760235857,set
chip3nmos,fullarray,READ,WL_11,BL_11,5744.617336136696,0.0001740759987109095,-5.2222799613272855e-05,0.30026368307243706,unknown
chip3nmos,fullarray,READ,WL_11,BL_12,1915.8032229034002,0.0005219742758781353,-0.00015659228276344056,0.3002600030536401,set
chip3nmos,fullarray,READ,WL_11,BL_13,42439.425839432595,2.3562995498182493e-05,-7.068898649454747e-06,0.3002700263422311,unknown
chip3nmos,fullarray,READ,WL_11,BL_14,6268.870430295865,0.0001595183711514044,-4.7855511345421316e-05,0.3005945532504923,unknown
chip3nmos,fullarray,READ,WL_11,BL_15,106496.35542174733,9.389992700123827e-06,-2.816997810037148e-06,0.29973702188482526,reset
chip3nmos,fullarray,READ,WL_12,BL_8,10412.579157225104,9.603768527474941e-05,-2.8811305582424825e-05,0.29844376830549996,unknown
chip3nmos,fullarray,READ,WL_12,BL_9,2269.486368285596,0.00044062833510448223,-0.00013218850053134466,0.29823998100905985,set
chip3nmos,fullarray,READ,WL_12,BL_10,4076.329333602525,0.00024531874590128693,-7.359562377038607e-05,0.2999453390589799,set
chip3nmos,fullarray,READ,WL_12,BL_11,5535.2955681621,0.00018065882619742977,-5.419764785922893e-05,0.3003167562564637,unknown
chip3nmos,fullarray,READ,WL_12,BL_12,1679.8115754211856,0.0005953048631357754,-0.00017859145894073258,0.30002940716476595,set
chip3nmos,fullarray,READ,WL_12,BL_13,21062.932350710507,4.7476770249716315e-05,-1.4243031074914894e-05,0.30033042016448075,unknown
chip3nmos,fullarray,READ,WL_12,BL_14,6138.677465628214,0.00016290153792884816,-4.887046137865444e-05,0.3003694459538153,unknown
chip3nmos,fullarray,READ,WL_12,BL_15,2849.121603859249,0.0003509853698927628,-0.00010529561096782883,0.299815718440775,set
chip3nmos,fullarray,READ,WL_13,BL_8,10582.975618266379,9.449138277083287e-05,-2.8347414831249858e-05,0.298410825722002,unknown
chip3nmos,fullarray,READ,WL_13,BL_9,2291.6019366889327,0.0004363759621554825,-0.00013091278864664474,0.29818507646865167,set
chip3nmos,fullarray,READ,WL_13,BL_10,4173.103274244393,0.0002396298232473209,-7.188894697419627e-05,0.2999306978321193,set
chip3nmos,fullarray,READ,WL_13,BL_11,5653.995829655547,0.00017686606607577248,-5.305981982273174e-05,0.3001209345085044,unknown
chip3nmos,fullarray,READ,WL_13,BL_12,1912.874998404066,0.0005227733128585567,-0.000156831993857567,0.29984639455454715,set
chip3nmos,fullarray,READ,WL_13,BL_13,40513.14728427162,2.468334521095647e-05,-7.405003563286941e-06,0.3001785205509421,unknown
chip3nmos,fullarray,READ,WL_13,BL_14,6119.457981641446,0.00016341316551237535,-4.90239496537126e-05,0.30046095298498465,unknown
chip3nmos,fullarray,READ,WL_13,BL_15,105315.9523872475,9.495237685578657e-06,-2.848571305673597e-06,0.2998450008801975,reset
chip3nmos,fullarray,READ,WL_14,BL_8,10373.35954940597,9.640078464813889e-05,-2.892023539444167e-05,0.29844193816197234,unknown
chip3nmos,fullarray,READ,WL_14,BL_9,2246.8644790001686,0.0004450646709431223,-0.0001335194012829367,0.2980935689013062,set
chip3nmos,fullarray,READ,WL_14,BL_10,4103.895623680222,0.00024367091458901114,-7.310127437670333e-05,0.2999801119727738,set
chip3nmos,fullarray,READ,WL_14,BL_11,5535.488491694314,0.00018065252985358804,-5.419575895607641e-05,0.3004686553693667,unknown
chip3nmos,fullarray,READ,WL_14,BL_12,1664.609997511546,0.0006007413156805,-0.00018022239470415,0.30029294532347994,set
chip3nmos,fullarray,READ,WL_14,BL_13,44449.74827397528,2.2497315256686982e-05,-6.749194577006094e-06,0.30016021939268456,unknown
chip3nmos,fullarray,READ,WL_14,BL_14,6137.821359063987,0.00016292425952137832,-4.8877277856413496e-05,0.30044265157875144,unknown
chip3nmos,fullarray,READ,WL_14,BL_15,2785.5542363731765,0.000358994984532059,-0.0001076984953596177,0.2996510047190195,set
chip3nmos,fullarray,READ,WL_15,BL_8,10445.688648889165,9.57332765328348e-05,-2.8719982959850438e-05,0.29847488074547035,unknown
chip3nmos,fullarray,READ,WL_15,BL_9,2289.918744213202,0.0004366967179630612,-0.00013100901538891835,0.29808624829591823,set
chip3nmos,fullarray,READ,WL_15,BL_10,4155.1169487545085,0.00024066711294365586,-7.220013388309675e-05,0.29981722832394886,set
chip3nmos,fullarray,READ,WL_15,BL_11,5223.124873597187,0.00019145626884300318,-5.743688065290095e-05,0.30018498835129465,unknown
chip3nmos,fullarray,READ,WL_15,BL_12,1912.0901635834452,0.0005229878899255993,-0.00015689636697767978,0.30013189422648834,set
chip3nmos,fullarray,READ,WL_15,BL_13,21017.182001011242,4.758011801733862e-05,-1.4274035405201587e-05,0.3003761730601256,unknown
chip3nmos,fullarray,READ,WL_15,BL_14,6221.202205508924,0.00016074063612889677,-4.822219083866903e-05,0.300274278641398,unknown
chip3nmos,fullarray,READ,WL_15,BL_15,26992.996172614112,3.704664697483843e-05,-1.111399409245153e-05,0.29969492837815365,unknown
chip3nmos,fullarray,READ,WL_16,BL_8,10506.233997198995,9.518158459697396e-05,-2.8554475379092185e-05,0.29870547882995746,unknown
chip3nmos,fullarray,READ,WL_16,BL_9,2292.0768130530337,0.0004362855530430525,-0.00013088566591291573,0.2979984010312678,set
chip3nmos,fullarray,READ,WL_16,BL_10,4180.493117762973,0.00023920623042075734,-7.17618691262272e-05,0.2996744763620585,set
chip3nmos,fullarray,READ,WL_16,BL_11,5651.480955823156,0.0001769447703737943,-5.308343111213829e-05,0.3003368874641976,unknown
chip3nmos,fullarray,READ,WL_16,BL_12,1911.5855752479838,0.0005231259395071932,-0.00015693778185215797,0.30006600968680935,set
chip3nmos,fullarray,READ,WL_16,BL_13,41706.39989240066,2.397713546553824e-05,-7.193140639661471e-06,0.30002296070575274,unknown
chip3nmos,fullarray,READ,WL_16,BL_14,6266.654284665761,0.00015957478338113495,-4.787243501434048e-05,0.30030356089137245,unknown
chip3nmos,fullarray,READ,WL_16,BL_15,104246.71329121468,9.592628567641129e-06,-2.8777885702923382e-06,0.29983035966048655,reset
chip3nmos,fullarray,READ,WL_17,BL_8,10571.943962235044,9.458998303170984e-05,-2.837699490951295e-05,0.2984272970137503,unknown
chip3nmos,fullarray,READ,WL_17,BL_9,2299.6102237223463,0.00043485630290046037,-0.0001304568908701381,0.2982344905550187,set
chip3nmos,fullarray,READ,WL_17,BL_10,3510.3069273817214,0.0002848753743439418,-8.546261230318254e-05,0.30006246887386534,set
chip3nmos,fullarray,READ,WL_17,BL_11,5649.244598973951,0.0001770148171990333,-5.310444515970998e-05,0.30029662504872917,unknown
chip3nmos,fullarray,READ,WL_17,BL_12,1911.0127516675868,0.0005232827458254167,-0.000156984823747625,0.30021424990108625,set
chip3nmos,fullarray,READ,WL_17,BL_13,43386.76506606391,2.304850335067216e-05,-6.914551005201648e-06,0.30035787190186736,unknown
chip3nmos,fullarray,READ,WL_17,BL_14,6215.960538369858,0.000160876182180888,-4.82628546542664e-05,0.30024499639142355,unknown
chip3nmos,fullarray,READ,WL_17,BL_15,105867.6416884319,9.4457568342081e-06,-2.83372705026243e-06,0.299764474171784,reset
chip3nmos,fullarray,READ,WL_18,BL_8,10625.389420654274,9.411419764588954e-05,-2.823425929376686e-05,0.29846206974077655,unknown
chip3nmos,fullarray,READ,WL_18,BL_9,2301.5617035277014,0.00043448759095498395,-0.00013034627728649519,0.2982912252467724,set
chip3nmos,fullarray,READ,WL_18,BL_10,4192.840121663433,0.0002385018200033986,-7.155054600101957e-05,0.2999142264519004,set
chip3nmos,fullarray,READ,WL_18,BL_11,5690.867582918163,0.0001757201314965793,-5.2716039448973786e-05,0.3001465560456208,unknown
chip3nmos,fullarray,READ,WL_18,BL_12,1912.8695078116918,0.000522774813397487,-0.0001568324440192461,0.30017032687463313,set
chip3nmos,fullarray,READ,WL_18,BL_13,44662.35105334608,2.2390223004730975e-05,-6.717066901419292e-06,0.3001876711300719,unknown
chip3nmos,fullarray,READ,WL_18,BL_14,6147.7550546368475,0.00016266100244930314,-4.879830073479094e-05,0.30058357240675304,unknown
chip3nmos,fullarray,READ,WL_18,BL_15,100099.63718403941,9.990046199282799e-06,-2.9970138597848394e-06,0.29973336157989755,reset
chip3nmos,fullarray,READ,WL_19,BL_8,10537.769857367313,9.489673939888391e-05,-2.8469021819665173e-05,0.2986505745241271,unknown
chip3nmos,fullarray,READ,WL_19,BL_9,2286.103607717165,0.00043742549402586803,-0.0001312276482077604,0.29828939509542557,set
chip3nmos,fullarray,READ,WL_19,BL_10,4150.817841101459,0.00024091637799615907,-7.227491339884772e-05,0.2998666424646041,set
chip3nmos,fullarray,READ,WL_19,BL_11,5638.364528498248,0.00017735639385244668,-5.3206918155734e-05,0.30025270241367347,unknown
chip3nmos,fullarray,READ,WL_19,BL_12,1912.924415153863,0.0005227598080081834,-0.00015682794240245502,0.3002179101532904,set
chip3nmos,fullarray,READ,WL_19,BL_13,42005.53409655367,2.380638697990141e-05,-7.141916093970423e-06,0.3002791769213602,unknown
chip3nmos,fullarray,READ,WL_19,BL_14,6235.15222559991,0.00016038100816436536,-4.811430244930961e-05,0.3005927231098697,unknown
chip3nmos,fullarray,READ,WL_19,BL_15,103804.75673172507,9.633469905280146e-06,-2.8900409715840435e-06,0.29980107722106336,reset
chip3nmos,fullarray,READ,WL_20,BL_8,10540.812131506016,9.486935043752888e-05,-2.8460805131258662e-05,0.29850416304191313,unknown
chip3nmos,fullarray,READ,WL_20,BL_9,2302.5866190523134,0.000434294194071003,-0.0001302882582213009,0.2980057216366551,set
chip3nmos,fullarray,READ,WL_20,BL_10,4178.2885663221505,0.00023933244057392349,-7.179973217217703e-05,0.30005697841379214,set
chip3nmos,fullarray,READ,WL_20,BL_11,5693.800346164063,0.00017562962155385448,-5.268888646615634e-05,0.3002215905471753,unknown
chip3nmos,fullarray,READ,WL_20,BL_12,1912.1752019705784,0.0005229646315721788,-0.0001568893894716536,0.3000513686779912,set
chip3nmos,fullarray,READ,WL_20,BL_13,43806.660787739725,2.2827578774958176e-05,-6.8482736324874524e-06,0.3001968217092003,unknown
chip3nmos,fullarray,READ,WL_20,BL_14,6260.414413449806,0.000159733834528847,-4.79201503586541e-05,0.3003346732819702,unknown
chip3nmos,fullarray,READ,WL_20,BL_15,92298.9254950063,1.0834362313937268e-05,-3.2503086941811804e-06,0.2995961001451008,unknown
chip3nmos,fullarray,READ,WL_21,BL_8,10561.895442829093,9.467997533330452e-05,-2.8403992599991356e-05,0.2985096534724966,unknown
chip3nmos,fullarray,READ,WL_21,BL_9,2301.9698938491806,0.0004344105466678695,-0.00013032316400036082,0.29847973083550444,set
chip3nmos,fullarray,READ,WL_21,BL_10,4180.258773723156,0.00023921964024953125,-7.176589207485936e-05,0.2999160566052586,set
chip3nmos,fullarray,READ,WL_21,BL_11,5683.7904104228355,0.00017593892944507903,-5.27816788335237e-05,0.3002545325234674,unknown
chip3nmos,fullarray,READ,WL_21,BL_12,1912.0983927742138,0.0005229856391172036,-0.00015689569173516106,0.29999463476882404,set
chip3nmos,fullarray,READ,WL_21,BL_13,44234.76341021012,2.260665419924419e-05,-6.781996259773257e-06,0.30014374835025337,unknown
chip3nmos,fullarray,READ,WL_21,BL_14,6247.6048688976225,0.00016006133886255967,-4.80184016587679e-05,0.3003365034225942,unknown
chip3nmos,fullarray,READ,WL_21,BL_15,103232.4366823705,9.686877808346597e-06,-2.906063342503979e-06,0.2998102279833827,reset
chip3nmos,fullarray,READ,WL_22,BL_8,9513.799705487641,0.00010511047435896632,-3.1533142307689895e-05,0.2984492587360834,unknown
chip3nmos,fullarray,READ,WL_22,BL_9,2255.458099129155,0.0004433689104604096,-0.00013301067313812288,0.2981393226849796,set
chip3nmos,fullarray,READ,WL_22,BL_10,3147.2770511694484,0.0003177349765342156,-9.532049296026468e-05,0.2999233772186886,set
chip3nmos,fullarray,READ,WL_22,BL_11,5564.117121489631,0.000179723032093954,-5.39169096281862e-05,0.3002398916451153,unknown
chip3nmos,fullarray,READ,WL_22,BL_12,1669.9449735281296,0.0005988221263885587,-0.00017964663791656763,0.3000165962820499,set
chip3nmos,fullarray,READ,WL_22,BL_13,41378.13131970006,2.4167355269712277e-05,-7.250206580913684e-06,0.30036885259682283,unknown
chip3nmos,fullarray,READ,WL_22,BL_14,6090.78068714257,0.00016418256564564306,-4.9254769693692916e-05,0.3003438239850875,unknown
chip3nmos,fullarray,READ,WL_22,BL_15,4519.122010457235,0.00022128192106475616,-6.638457631942684e-05,0.299921867283684,set
chip3nmos,fullarray,READ,WL_23,BL_8,10540.551296322108,9.487169806278803e-05,-2.846150941883641e-05,0.29857919892654766,unknown
chip3nmos,fullarray,READ,WL_23,BL_9,2283.378671796749,0.0004379475083793781,-0.00013138425251381342,0.2982088684361618,set
chip3nmos,fullarray,READ,WL_23,BL_10,4147.5722048744765,0.00024110490441245117,-7.233147132373535e-05,0.2999325279854774,set
chip3nmos,fullarray,READ,WL_23,BL_11,5636.238544989845,0.0001774232925057649,-5.322698775172947e-05,0.3001611969239729,unknown
chip3nmos,fullarray,READ,WL_23,BL_12,1911.599283367422,0.0005231221881598672,-0.0001569366564479602,0.30014653523530516,set
chip3nmos,fullarray,READ,WL_23,BL_13,41697.28334241625,2.3982377743606077e-05,-7.194713323081823e-06,0.300167539855988,unknown
chip3nmos,fullarray,READ,WL_23,BL_14,6183.346762881265,0.00016172471613641612,-4.851741484092483e-05,0.300545139453662,unknown
chip3nmos,fullarray,READ,WL_23,BL_15,105228.91099090486,9.503091788970732e-06,-2.8509275366912196e-06,0.2996656459387304,reset
chip3nmos,fullarray,READ,WL_24,BL_8,6146.3084329398425,0.00016269928704532808,-4.880978611359842e-05,0.2985499166301049,unknown
chip3nmos,fullarray,READ,WL_24,BL_9,2260.17110269586,0.00044244437901503643,-0.00013273331370451094,0.2981612845011422,set
chip3nmos,fullarray,READ,WL_24,BL_10,4176.774285461529,0.00023941921005422517,-7.182576301626754e-05,0.2999160566052586,set
chip3nmos,fullarray,READ,WL_24,BL_11,5476.9331659037225,0.00018258393332703645,-5.4775179998110936e-05,0.3001538764847965,unknown
chip3nmos,fullarray,READ,WL_24,BL_12,1861.5552464418242,0.0005371852390152801,-0.00016115557170458402,0.30000012514713104,set
chip3nmos,fullarray,READ,WL_24,BL_13,40507.00233777491,2.4687089695290718e-05,-7.406126908587216e-06,0.3004274163032461,unknown
chip3nmos,fullarray,READ,WL_24,BL_14,6223.4773525161045,0.00016068187338959426,-4.8204562016878275e-05,0.30036395553194467,unknown
chip3nmos,fullarray,READ,WL_24,BL_15,103737.09580505769,9.639753187993577e-06,-2.8919259563980732e-06,0.29970041883554593,reset
chip3nmos,fullarray,READ,WL_25,BL_8,9879.12012622476,0.00010122358947184332,-3.0367076841552993e-05,0.2986212922276843,unknown
chip3nmos,fullarray,READ,WL_25,BL_9,1760.2763902364004,0.00056809260497194,-0.00017042778149158202,0.29831867751697616,set
chip3nmos,fullarray,READ,WL_25,BL_10,4043.383904851055,0.00024731759920205667,-7.419527976061699e-05,0.2998886043048954,set
chip3nmos,fullarray,READ,WL_25,BL_11,3026.554624058303,0.00033040870700000826,-9.912261210000247e-05,0.30019779911985217,set
chip3nmos,fullarray,READ,WL_25,BL_12,1680.781760622604,0.0005949612397207207,-0.0001784883719162162,0.3001282339742841,set
chip3nmos,fullarray,READ,WL_25,BL_13,19218.551115436898,5.20330587874947e-05,-1.560991763624841e-05,0.3003597020176931,unknown
chip3nmos,fullarray,READ,WL_25,BL_14,4783.404024434419,0.0002090561438866202,-6.271684316598606e-05,0.300503046219323,set
chip3nmos,fullarray,READ,WL_25,BL_15,53107.19703346656,1.882983956712741e-05,-5.648951870138223e-06,0.29956132724828594,unknown
chip3nmos,fullarray,READ,WL_26,BL_8,6311.7592031648555,0.0001584344344915088,-4.7530330347452634e-05,0.2986670458158754,unknown
chip3nmos,fullarray,READ,WL_26,BL_9,2239.810181009571,0.0004464664052688878,-0.00013393992158066632,0.29793434573412547,set
chip3nmos,fullarray,READ,WL_26,BL_10,3916.095352140516,0.00025535639714528545,-7.660691914358563e-05,0.29989409476496726,set
chip3nmos,fullarray,READ,WL_26,BL_11,5189.9490019269715,0.00019268012067723804,-5.7804036203171406e-05,0.30017949802191285,unknown
chip3nmos,fullarray,READ,WL_26,BL_12,1831.9166616485998,0.000545876360499974,-0.00016376290814999221,0.3002032691444723,set
chip3nmos,fullarray,READ,WL_26,BL_13,41564.89290653666,2.405876522402241e-05,-7.217629567206723e-06,0.3001620495085103,unknown
chip3nmos,fullarray,READ,WL_26,BL_14,6216.596339039789,0.00016085972861388313,-4.8257918584164946e-05,0.30042435017251623,unknown
chip3nmos,fullarray,READ,WL_26,BL_15,63289.08879907697,1.5800511888782072e-05,-4.740153566634622e-06,0.2998321898129511,unknown
chip3nmos,fullarray,READ,WL_27,BL_8,10246.186035206294,9.759729098846742e-05,-2.9279187296540228e-05,0.2982790553880094,unknown
chip3nmos,fullarray,READ,WL_27,BL_9,1989.8333591896496,0.0005025546462881923,-0.0001507663938864577,0.2980624563284088,set
chip3nmos,fullarray,READ,WL_27,BL_10,4064.2801358821616,0.0002460460319089072,-7.381380957267216e-05,0.2999819421261313,set
chip3nmos,fullarray,READ,WL_27,BL_11,5332.64500649836,0.00018752420211384785,-5.6257260634154355e-05,0.3001081237399462,unknown
chip3nmos,fullarray,READ,WL_27,BL_12,1788.9997718303605,0.0005589715637452992,-0.00016769146912358975,0.3002307210360052,set
chip3nmos,fullarray,READ,WL_27,BL_13,7102.244817194986,0.00014080055330941796,-4.224016599282538e-05,0.3002370842573667,unknown
chip3nmos,fullarray,READ,WL_27,BL_14,4028.666088285102,0.0002482211178801552,-7.446633536404655e-05,0.3003383335632169,set
chip3nmos,fullarray,READ,WL_27,BL_15,10363.553528364548,9.649199931886761e-05,-2.8947599795660285e-05,0.299625382584524,unknown
chip3nmos,fullarray,READ,WL_28,BL_8,10467.678794580013,9.553216330231523e-05,-2.8659648990694564e-05,0.29835592141617157,unknown
chip3nmos,fullarray,READ,WL_28,BL_9,1997.6866363641443,0.0005005790106400437,-0.00015017370319201308,0.2981667749551827,set
chip3nmos,fullarray,READ,WL_28,BL_10,4139.243751014203,0.00024159002468868347,-7.247700740660504e-05,0.2999489993656949,set
chip3nmos,fullarray,READ,WL_28,BL_11,5662.36128515265,0.00017660476780634128,-5.298143034190238e-05,0.3000660312146831,unknown
chip3nmos,fullarray,READ,WL_28,BL_12,1867.847582938848,0.0005353755890652558,-0.00016061267671957672,0.30017215700073524,set
chip3nmos,fullarray,READ,WL_28,BL_13,40664.90222532824,2.4591230896336632e-05,-7.377369268900989e-06,0.30013825800277566,unknown
chip3nmos,fullarray,READ,WL_28,BL_14,6157.245657145202,0.00016241028142827886,-4.8723084428483655e-05,0.3002889197663852,unknown
chip3nmos,fullarray,READ,WL_28,BL_15,29754.018246749372,3.360890592010207e-05,-1.008267177603062e-05,0.299764474171784,unknown
chip3nmos,fullarray,READ,WL_29,BL_8,10632.01966309894,9.405550701441496e-05,-2.8216652104324487e-05,0.29843095730080615,unknown
chip3nmos,fullarray,READ,WL_29,BL_9,2312.053804380665,0.0004325158861378108,-0.00012975476584134324,0.2982125287388554,set
chip3nmos,fullarray,READ,WL_29,BL_10,4206.069504231882,0.00023775165840551684,-7.132549752165504e-05,0.3000826005607985,set
chip3nmos,fullarray,READ,WL_29,BL_11,5720.177355519471,0.00017481975432721283,-5.244592629816385e-05,0.30013740549665047,unknown
chip3nmos,fullarray,READ,WL_29,BL_12,1915.5058677884545,0.0005220553049803753,-0.00015661659149411258,0.2999049585898171,set
chip3nmos,fullarray,READ,WL_29,BL_13,43212.65977590188,2.3141366562158795e-05,-6.942409968647638e-06,0.3004438873456786,unknown
chip3nmos,fullarray,READ,WL_29,BL_14,6251.3381195033335,0.0001599657514732941,-4.798972544198823e-05,0.30044814200062137,unknown
chip3nmos,fullarray,READ,WL_29,BL_15,107367.47107468752,9.31380789722033e-06,-2.794142369166099e-06,0.29984683103266135,reset
chip3nmos,fullarray,READ,WL_30,BL_8,10547.076050977945,9.481300743131345e-05,-2.8443902229394035e-05,0.2984785410325255,unknown
chip3nmos,fullarray,READ,WL_30,BL_9,2290.2403398145693,0.00043663539699984743,-0.00013099061909995424,0.29819971767942693,set
chip3nmos,fullarray,READ,WL_30,BL_10,4162.142521571194,0.00024026087401315212,-7.207826220394563e-05,0.3000752799473678,set
chip3nmos,fullarray,READ,WL_30,BL_11,4843.708709077676,0.00020645337283100513,-6.193601184930154e-05,0.3003149261466691,set
chip3nmos,fullarray,READ,WL_30,BL_12,1911.4896239165096,0.0005231521989384747,-0.0001569456596815424,0.3001337243525898,set
chip3nmos,fullarray,READ,WL_30,BL_13,42779.33711613872,2.337577128147563e-05,-7.012731384442689e-06,0.3003414008594355,unknown
chip3nmos,fullarray,READ,WL_30,BL_14,6181.4600926755265,0.00016177407683743035,-4.853222305122911e-05,0.3006659287348058,unknown
chip3nmos,fullarray,READ,WL_30,BL_15,62000.84126117153,1.6128813410573142e-05,-4.8386440231719425e-06,0.2998065676784556,unknown
chip3nmos,fullarray,READ,WL_31,BL_8,10654.979864190822,9.385282870038945e-05,-2.8155848610116833e-05,0.29860299079240704,unknown
chip3nmos,fullarray,READ,WL_31,BL_9,2311.868908096826,0.0004325504774503926,-0.00012976514323511778,0.297989250274533,set
chip3nmos,fullarray,READ,WL_31,BL_10,4225.796156876123,0.00023664179787111168,-7.09925393613335e-05,0.300029526113429,set
chip3nmos,fullarray,READ,WL_31,BL_11,5674.905293092979,0.0001762143944881541,-5.2864318346446224e-05,0.30020145933944004,unknown
chip3nmos,fullarray,READ,WL_31,BL_12,1914.2403884313248,0.00052240042893436,-0.000156720128680308,0.300168496748531,set
chip3nmos,fullarray,READ,WL_31,BL_13,41456.495086646966,2.412167256083589e-05,-7.236501768250767e-06,0.30031211900622323,unknown
chip3nmos,fullarray,READ,WL_31,BL_14,6275.158030187181,0.00015935853650050167,-4.78075609501505e-05,0.300411539188153,unknown
chip3nmos,fullarray,READ,WL_31,BL_15,109153.16658709504,9.16143829141305e-06,-2.7484314874239148e-06,0.2998962451491885,reset
chip3nmos,fullarray,READ,WL_32,BL_8,10401.05306592536,9.614411095315685e-05,-2.8843233285947053e-05,0.29850416304191313,unknown
chip3nmos,fullarray,READ,WL_32,BL_9,2265.399995392562,0.00044142314912767275,-0.00013242694473830183,0.2980716070851443,set
chip3nmos,fullarray,READ,WL_32,BL_10,4101.200506465817,0.00024383104372084055,-7.314931311625217e-05,0.2997733046433682,set
chip3nmos,fullarray,READ,WL_32,BL_11,5557.254278075296,0.00017994497821437476,-5.398349346431243e-05,0.3003899606482243,unknown
chip3nmos,fullarray,READ,WL_32,BL_12,1909.5726180798472,0.0005236773875641035,-0.00015710321626923106,0.30022157040549463,set
chip3nmos,fullarray,READ,WL_32,BL_13,41245.208443730764,2.4245240543862473e-05,-7.273572163158742e-06,0.30007786418052534,unknown
chip3nmos,fullarray,READ,WL_32,BL_14,6092.670569559768,0.00016413163793824748,-4.923949138147424e-05,0.3003932377819191,unknown
chip3nmos,fullarray,READ,WL_32,BL_15,4017.765072821263,0.0002488945923604744,-7.466837770814232e-05,0.2998687928622298,set
chip3nmos,fullarray,READ,WL_33,BL_8,10362.844388088739,9.649860236726319e-05,-2.8949580710178956e-05,0.298321148689146,unknown
chip3nmos,fullarray,READ,WL_33,BL_9,2259.496610919012,0.00044257645493580406,-0.0001327729364807412,0.298053305571674,set
chip3nmos,fullarray,READ,WL_33,BL_10,4090.6533276131427,0.00024445972804629977,-7.333791841388992e-05,0.29998926273956195,set
chip3nmos,fullarray,READ,WL_33,BL_11,5566.45727757925,0.00017964747596785322,-5.3894242790355965e-05,0.30005871077550805,unknown
chip3nmos,fullarray,READ,WL_33,BL_12,1653.3666193094543,0.0006048265329184282,-0.00018144795987552845,0.30032588759331913,set
chip3nmos,fullarray,READ,WL_33,BL_13,40556.214168081475,2.4657133820617295e-05,-7.397140146185187e-06,0.3001181267286924,unknown
chip3nmos,fullarray,READ,WL_33,BL_14,6086.8592905943815,0.00016428833857638756,-4.9286501572916266e-05,0.3003859172194252,unknown
chip3nmos,fullarray,READ,WL_33,BL_15,22366.020292754685,4.47106810648805e-05,-1.3413204319464151e-05,0.29972238066511303,unknown
chip3nmos,fullarray,READ,WL_34,BL_8,10568.621467425519,9.461971961832376e-05,-2.8385915885497127e-05,0.29825160323509486,unknown
chip3nmos,fullarray,READ,WL_34,BL_9,2305.1236639344056,0.00043381620502441553,-0.00013014486150732466,0.29821435889020226,set
chip3nmos,fullarray,READ,WL_34,BL_10,4207.800625911172,0.00023765384553681333,-7.129615366104399e-05,0.30005880856715034,set
chip3nmos,fullarray,READ,WL_34,BL_11,5696.276419334214,0.0001755532783847735,-5.2665983515432044e-05,0.3000184483600396,unknown
chip3nmos,fullarray,READ,WL_34,BL_12,1913.5945386275814,0.0005225767422586783,-0.00015677302267760347,0.30007333019121707,set
chip3nmos,fullarray,READ,WL_34,BL_13,41493.854183618874,2.4099954551698028e-05,-7.229986365509408e-06,0.3002572155314513,unknown
chip3nmos,fullarray,READ,WL_34,BL_14,6258.419050757148,0.00015978476223624228,-4.793542867087268e-05,0.3004371611568808,unknown
chip3nmos,fullarray,READ,WL_34,BL_15,106844.89310118069,9.359361696894706e-06,-2.8078085090684118e-06,0.29993467835093107,reset
chip3nmos,fullarray,READ,WL_35,BL_8,10822.093706477706,9.240356137384367e-05,-2.7721068412153097e-05,0.29856638792185386,unknown
chip3nmos,fullarray,READ,WL_35,BL_9,2344.5527378516285,0.0004265205827343959,-0.00012795617482031876,0.29803134375551205,set
chip3nmos,fullarray,READ,WL_35,BL_10,4288.247931892991,0.00023319547187621755,-6.995864156286526e-05,0.30010822270780485,set
chip3nmos,fullarray,READ,WL_35,BL_11,5786.107893106897,0.0001728277485442882,-5.184832456328646e-05,0.30017766791211825,unknown
chip3nmos,fullarray,READ,WL_35,BL_12,1914.8261524629565,0.0005222406215382759,-0.0001566721864614828,0.3002160800271877,set
chip3nmos,fullarray,READ,WL_35,BL_13,42601.906544406134,2.3473127874163312e-05,-7.0419383622489924e-06,0.3001986518250253,unknown
chip3nmos,fullarray,READ,WL_35,BL_14,6265.731353034,0.00015959828847685576,-4.7879486543056725e-05,0.3002944101882552,unknown
chip3nmos,fullarray,READ,WL_35,BL_15,107231.83215460756,9.325589052308585e-06,-2.7976767156925755e-06,0.2998065676784556,reset
chip3nmos,fullarray,READ,WL_36,BL_8,10619.561643983763,9.416584540158717e-05,-2.8249753620476154e-05,0.2984401080184448,unknown
chip3nmos,fullarray,READ,WL_36,BL_9,2312.8567652971924,0.0004323657283945572,-0.00012970971851836716,0.2980716070851443,set
chip3nmos,fullarray,READ,WL_36,BL_10,4218.484048665412,0.00023705198086890165,-7.111559426067048e-05,0.2999087359918286,set
chip3nmos,fullarray,READ,WL_36,BL_11,5709.125225922926,0.0001751581828087055,-5.254745484261165e-05,0.30028381428017165,unknown
chip3nmos,fullarray,READ,WL_36,BL_12,1913.3775210291085,0.000522636013546428,-0.0001567908040639284,0.3001154230915681,set
chip3nmos,fullarray,READ,WL_36,BL_13,40564.83853476222,2.4651891542549728e-05,-7.395567462764918e-06,0.3004017946816865,unknown
chip3nmos,fullarray,READ,WL_36,BL_14,6245.312050116574,0.00016012010160186218,-4.803603048055865e-05,0.300451802281868,unknown
chip3nmos,fullarray,READ,WL_36,BL_15,105744.54514387569,9.456752578957176e-06,-2.837025773687153e-06,0.299764474171784,reset
chip3nmos,fullarray,READ,WL_37,BL_8,4959.157061016576,0.0002016471726336109,-6.049415179008326e-05,0.29840350514789094,set
chip3nmos,fullarray,READ,WL_37,BL_9,1804.4812419005193,0.0005541758909872502,-0.00016625276729617504,0.298102719658041,set
chip3nmos,fullarray,READ,WL_37,BL_10,4085.459301876886,0.0002447705205484714,-7.343115616454142e-05,0.3000222054999983,set
chip3nmos,fullarray,READ,WL_37,BL_11,5199.0169839665,0.00019234405332468587,-5.770321599740576e-05,0.30019962922964677,unknown
chip3nmos,fullarray,READ,WL_37,BL_12,1907.2472590855689,0.0005243158668789755,-0.00015729476006369264,0.3002819645668667,set
chip3nmos,fullarray,READ,WL_37,BL_13,38919.05291312649,2.569435598117351e-05,-7.708306794352053e-06,0.3000925051071315,unknown
chip3nmos,fullarray,READ,WL_37,BL_14,3689.366186605737,0.00027104926684439867,-8.13147800533196e-05,0.3003950679225418,set
chip3nmos,fullarray,READ,WL_37,BL_15,66669.36303000797,1.4999393342784732e-05,-4.499818002835419e-06,0.29968760776829817,unknown
chip3nmos,fullarray,READ,WL_38,BL_8,10557.968611356824,9.471518971218917e-05,-2.8414556913656748e-05,0.2984364477313896,unknown
chip3nmos,fullarray,READ,WL_38,BL_9,2289.1728253430283,0.0004368390140443642,-0.00013105170421330925,0.2981539638957549,set
chip3nmos,fullarray,READ,WL_38,BL_10,4169.959865903942,0.00023981046152904046,-7.194313845871213e-05,0.30010273224773165,set
chip3nmos,fullarray,READ,WL_38,BL_11,5630.219464072515,0.00017761296986399685,-5.328389095919905e-05,0.300033089238391,unknown
chip3nmos,fullarray,READ,WL_38,BL_12,1910.626495199259,0.0005233885338200077,-0.00015701656014600228,0.3000934615783422,set
chip3nmos,fullarray,READ,WL_38,BL_13,40860.265344696294,2.4473654088244953e-05,-7.3420962264734855e-06,0.3000211305899271,unknown
chip3nmos,fullarray,READ,WL_38,BL_14,6168.792390329186,0.00016210628219028733,-4.8631884657086196e-05,0.3002102237195792,unknown
chip3nmos,fullarray,READ,WL_38,BL_15,103307.82230199571,9.679809115293701e-06,-2.9039427345881103e-06,0.29988526423440526,reset
chip3nmos,fullarray,READ,WL_39,BL_8,10531.60377830952,9.495229986334665e-05,-2.848568995900399e-05,0.29836141184675435,unknown
chip3nmos,fullarray,READ,WL_39,BL_9,2307.1179928205725,0.000433441203749379,-0.00013003236112481368,0.29807709753918477,set
chip3nmos,fullarray,READ,WL_39,BL_10,4207.535280957724,0.00023766883299250168,-7.13006498977505e-05,0.29998560243284694,set
chip3nmos,fullarray,READ,WL_39,BL_11,5666.528031000603,0.0001764749057146054,-5.294247171438162e-05,0.3002307410961443,unknown
chip3nmos,fullarray,READ,WL_39,BL_12,1914.0342187935132,0.0005224566991442489,-0.00015673700974327466,0.30016300637022475,set
chip3nmos,fullarray,READ,WL_39,BL_13,41684.266611133564,2.3989866712274297e-05,-7.196960013682289e-06,0.30009982557043424,unknown
chip3nmos,fullarray,READ,WL_39,BL_14,6229.765401566447,0.00016051968822911926,-4.8155906468735775e-05,0.30030722117261976,unknown
chip3nmos,fullarray,READ,WL_39,BL_15,105674.33270018586,9.463035861670894e-06,-2.838910758501268e-06,0.2997772852390311,reset
chip3nmos,fullarray,READ,WL_40,BL_8,6250.293954382608,0.00015999247512172058,-4.7997742536516176e-05,0.29827173481389907,unknown
chip3nmos,fullarray,READ,WL_40,BL_9,1920.5925906911887,0.000520672632419204,-0.0001562017897257612,0.2981466432903663,set
chip3nmos,fullarray,READ,WL_40,BL_10,4139.446486066994,0.0002415781924868241,-7.247345774604723e-05,0.2999343581388343,set
chip3nmos,fullarray,READ,WL_40,BL_11,5635.238636815824,0.0001774547742249736,-5.3236432267492075e-05,0.3001099538497408,unknown
chip3nmos,fullarray,READ,WL_40,BL_12,1768.9203060163857,0.0005653165926123621,-0.00016959497778370862,0.299987314264415,set
chip3nmos,fullarray,READ,WL_40,BL_13,41686.86930719563,2.3988368918540703e-05,-7.196510675562211e-06,0.30005041244313935,unknown
chip3nmos,fullarray,READ,WL_40,BL_14,6181.909195431104,0.00016176232428956983,-4.8528697286870944e-05,0.30038225693817855,unknown
chip3nmos,fullarray,READ,WL_40,BL_15,24723.903024141695,4.044668833329221e-05,-1.2134006499987664e-05,0.29979924706859945,unknown
chip3nmos,fullarray,READ,WL_41,BL_8,10295.302355993914,9.713167864543591e-05,-2.913950359363077e-05,0.29844193816197234,unknown
chip3nmos,fullarray,READ,WL_41,BL_9,3022.700427562645,0.0003308300058058847,-9.924900174176541e-05,0.2981905669226928,set
chip3nmos,fullarray,READ,WL_41,BL_10,4100.590282130108,0.000243867329139876,-7.31601987419628e-05,0.29995082951905244,set
chip3nmos,fullarray,READ,WL_41,BL_11,5548.5419936643375,0.00018022752664427174,-5.4068257993281515e-05,0.3001721775827358,unknown
chip3nmos,fullarray,READ,WL_41,BL_12,1909.8872907529005,0.0005235911065756074,-0.00015707733197268221,0.30004038792137794,set
chip3nmos,fullarray,READ,WL_41,BL_13,39806.6196359839,2.5121449878050742e-05,-7.536434963415222e-06,0.3001620495085103,unknown
chip3nmos,fullarray,READ,WL_41,BL_14,6073.6220338072535,0.00016464639953453762,-4.939391986036128e-05,0.3001717907664874,unknown
chip3nmos,fullarray,READ,WL_41,BL_15,103173.87944310447,9.692375680721136e-06,-2.9077127042163403e-06,0.2997425123422169,reset
chip3nmos,fullarray,READ,WL_42,BL_8,10396.56818716864,9.618558566606545e-05,-2.8855675699819635e-05,0.2984071654349468,unknown
chip3nmos,fullarray,READ,WL_42,BL_9,2274.7991828027425,0.00043959924355516805,-0.0001318797730665504,0.2982784141873439,set
chip3nmos,fullarray,READ,WL_42,BL_10,4097.0783926756085,0.0002440763647060576,-7.322290941181727e-05,0.2999197169119736,set
chip3nmos,fullarray,READ,WL_42,BL_11,4688.460515591438,0.0002132896281571548,-6.398688844714644e-05,0.3001593668141783,set
chip3nmos,fullarray,READ,WL_42,BL_12,1911.6733106098336,0.0005231019308843072,-0.00015693057926529218,0.2999616924989842,set
chip3nmos,fullarray,READ,WL_42,BL_13,6094.003443214829,0.00016409573924895261,-4.9228721774685786e-05,0.30031211900622323,unknown
chip3nmos,fullarray,READ,WL_42,BL_14,6069.63609826133,0.0001647545229748541,-4.9426356892456225e-05,0.300404218625659,unknown
chip3nmos,fullarray,READ,WL_42,BL_15,33468.330948529285,2.9878992219178575e-05,-8.963697665753572e-06,0.2995997604500285,unknown
chip3nmos,fullarray,READ,WL_43,BL_8,6299.872728211831,0.00015873336544115267,-4.76200096323458e-05,0.29868168696409814,unknown
chip3nmos,fullarray,READ,WL_43,BL_9,2294.652829121998,0.0004357957715035392,-0.00013073873145106176,0.2982125287388554,set
chip3nmos,fullarray,READ,WL_43,BL_10,4190.096199435332,0.00023865800506794153,-7.159740152038245e-05,0.2999636405925556,set
chip3nmos,fullarray,READ,WL_43,BL_11,5726.054932165064,0.00017464030852772355,-5.2392092558317065e-05,0.3001813281317068,unknown
chip3nmos,fullarray,READ,WL_43,BL_12,1889.8345445804218,0.0005291468519652965,-0.00015874405558958895,0.30006600968680935,set
chip3nmos,fullarray,READ,WL_43,BL_13,41461.644065475775,2.411867697336871e-05,-7.235603092010613e-06,0.30023342402571535,unknown
chip3nmos,fullarray,READ,WL_43,BL_14,6201.162022016652,0.0001612600987443309,-4.8378029623299266e-05,0.30027244850077467,unknown
chip3nmos,fullarray,READ,WL_43,BL_15,43689.41332344509,2.288884020018115e-05,-6.866652060054345e-06,0.2995631574007498,unknown
chip3nmos,fullarray,READ,WL_44,BL_8,10522.498144361336,9.503446674741087e-05,-2.8510340024223262e-05,0.2983339596938398,unknown
chip3nmos,fullarray,READ,WL_44,BL_9,2298.0813141270296,0.000435145612060237,-0.0001305436836180711,0.2982235096469377,set
chip3nmos,fullarray,READ,WL_44,BL_10,4192.756919705112,0.00023850655288414212,-7.155196586524264e-05,0.3000368467268583,set
chip3nmos,fullarray,READ,WL_44,BL_11,5644.375972087103,0.00017716750353719495,-5.315025106115848e-05,0.30020877977861643,unknown
chip3nmos,fullarray,READ,WL_44,BL_12,1912.079191439271,0.0005229908910034601,-0.00015689726730103805,0.3001520256136121,set
chip3nmos,fullarray,READ,WL_44,BL_13,40861.51571217224,2.4472905191378154e-05,-7.341871557413447e-06,0.29989851282960006,unknown
chip3nmos,fullarray,READ,WL_44,BL_14,6204.055770456659,0.00016118488243802384,-4.835546473140715e-05,0.30044814200062137,unknown
chip3nmos,fullarray,READ,WL_44,BL_15,58192.29734415496,1.7184404906475882e-05,-5.155321471942765e-06,0.29974800279960784,unknown
chip3nmos,fullarray,READ,WL_45,BL_8,10512.456875559237,9.512524159075824e-05,-2.8537572477227473e-05,0.29855540706068767,unknown
chip3nmos,fullarray,READ,WL_45,BL_9,2294.3589619537215,0.00043585158930338757,-0.00013075547679101626,0.2982875649440787,set
chip3nmos,fullarray,READ,WL_45,BL_10,4178.371195039436,0.00023932770769317967,-7.179831230795389e-05,0.30015397654174436,set
chip3nmos,fullarray,READ,WL_45,BL_11,5674.8546008156445,0.00017621596857411473,-5.2864790572234414e-05,0.30014838615541406,unknown
chip3nmos,fullarray,READ,WL_45,BL_12,1824.1294837064406,0.0005482066974588363,-0.00016446200923765089,0.3000458782996849,set
chip3nmos,fullarray,READ,WL_45,BL_13,41344.82034471609,2.418682658825003e-05,-7.256047976475009e-06,0.3002096325199808,unknown
chip3nmos,fullarray,READ,WL_45,BL_14,5148.080677591931,0.00019424715007919428,-5.827414502375828e-05,0.3002706183601514,unknown
chip3nmos,fullarray,READ,WL_45,BL_15,57420.722429456146,1.7415315546204483e-05,-5.224594663861344e-06,0.29951557343668656,unknown
chip3nmos,fullarray,READ,WL_46,BL_8,9407.13547011991,0.00010630228544877681,-3.189068563463304e-05,0.29818388792457134,unknown
chip3nmos,fullarray,READ,WL_46,BL_9,2300.8955813692573,0.0004346133775461911,-0.00013038401326385734,0.298267433279263,set
chip3nmos,fullarray,READ,WL_46,BL_10,4187.743170512223,0.00023879210335568055,-7.163763100670416e-05,0.30011005286116166,set
chip3nmos,fullarray,READ,WL_46,BL_11,5273.024114097508,0.0001896444959025477,-5.689334877076431e-05,0.30044120372245636,unknown
chip3nmos,fullarray,READ,WL_46,BL_12,1868.903064203278,0.0005350732304707866,-0.000160521969141236,0.30013189422648834,set
chip3nmos,fullarray,READ,WL_46,BL_13,41070.142843900256,2.434858831148478e-05,-7.304576493445433e-06,0.3001858410142455,unknown
chip3nmos,fullarray,READ,WL_46,BL_14,5606.020847428666,0.00017837964346113227,-5.351389303833968e-05,0.3003438239850875,unknown
chip3nmos,fullarray,READ,WL_46,BL_15,103492.5626011122,9.662530087831194e-06,-2.8987590263493582e-06,0.299676626853515,reset
chip3nmos,fullarray,READ,WL_47,BL_8,10389.045670006333,9.625523188208204e-05,-2.887656956462461e-05,0.2984638998843041,unknown
chip3nmos,fullarray,READ,WL_47,BL_9,2269.4215828911542,0.00044064091376360277,-0.00013219227412908081,0.29841384538701526,set
chip3nmos,fullarray,READ,WL_47,BL_10,4111.615513594856,0.00024321340278378386,-7.296402083513516e-05,0.30005880856715034,set
chip3nmos,fullarray,READ,WL_47,BL_11,5555.990637485913,0.00017998590444934592,-5.399577133480377e-05,0.3001099538497408,unknown
chip3nmos,fullarray,READ,WL_47,BL_12,1908.3914691424359,0.0005240015039730632,-0.00015720045119191895,0.29994522136406465,set
chip3nmos,fullarray,READ,WL_47,BL_13,38528.26335164207,2.5954972090829526e-05,-7.786491627248858e-06,0.30007786418052534,unknown
chip3nmos,fullarray,READ,WL_47,BL_14,6100.708380999514,0.00016391539105761426,-4.917461731728427e-05,0.3002889197663852,unknown
chip3nmos,fullarray,READ,WL_47,BL_15,101512.24239896129,9.85102856924213e-06,-2.955308570772639e-06,0.29973702188482526,reset
chip3nmos,fullarray,READ,WL_48,BL_8,10538.986556264828,9.488578381434189e-05,-2.8465735144302566e-05,0.2982424525174563,unknown
chip3nmos,fullarray,READ,WL_48,BL_9,2289.0410007324235,0.0004368641713626057,-0.00013105925140878173,0.29816494480383654,set
chip3nmos,fullarray,READ,WL_48,BL_10,4191.592438911618,0.00023857281321455442,-7.157184396436631e-05,0.3000313562667871,set
chip3nmos,fullarray,READ,WL_48,BL_11,5622.769653086993,0.0001778482957150812,-5.335448871452436e-05,0.3002490421940856,unknown
chip3nmos,fullarray,READ,WL_48,BL_12,1910.3389588202294,0.0005234673121138519,-0.00015704019363415559,0.3000495385518891,set
chip3nmos,fullarray,READ,WL_48,BL_13,15140.866772714573,6.604641695956962e-05,-1.9813925087870888e-05,0.3000815244121774,unknown
chip3nmos,fullarray,READ,WL_48,BL_14,4451.271529523543,0.0002246549089102723,-6.739647267308168e-05,0.3004371611568808,set
chip3nmos,fullarray,READ,WL_48,BL_15,59198.80715533821,1.689223226028847e-05,-5.067669678086541e-06,0.2997717947816401,unknown
chip3nmos,fullarray,READ,WL_49,BL_8,10615.68000979272,9.420027723871885e-05,-2.8260083171615656e-05,0.2983522611291164,unknown
chip3nmos,fullarray,READ,WL_49,BL_9,2272.9252952941106,0.000439961666171084,-0.0001319884998513252,0.29828024433869144,set
chip3nmos,fullarray,READ,WL_49,BL_10,4192.701453567366,0.00023850970813797117,-7.155291244139135e-05,0.30004599749364647,set
chip3nmos,fullarray,READ,WL_49,BL_11,5691.632360281519,0.0001756965202071727,-5.270895606215181e-05,0.30040094130698725,unknown
chip3nmos,fullarray,READ,WL_49,BL_12,1906.2625358498894,0.0005245867141559068,-0.00015737601424677203,0.3001227435959772,set
chip3nmos,fullarray,READ,WL_49,BL_13,33769.4267708437,2.9612584388414715e-05,-8.883775316524414e-06,0.30022976379406396,unknown
chip3nmos,fullarray,READ,WL_49,BL_14,6206.620198743789,0.00016111828466681407,-4.8335485400044226e-05,0.30040787890690634,unknown
chip3nmos,fullarray,READ,WL_49,BL_15,46875.85917985905,2.133294231820002e-05,-6.399882695460006e-06,0.2996125715172756,unknown
chip3nmos,fullarray,READ,WL_50,BL_8,10544.378173244617,9.483726622565637e-05,-2.845117986769691e-05,0.2985078233289683,unknown
chip3nmos,fullarray,READ,WL_50,BL_9,2285.7913879045554,0.00043748524265669144,-0.00013124557279700744,0.2981155307174688,set
chip3nmos,fullarray,READ,WL_50,BL_10,4154.87182370265,0.000240681311585887,-7.22043934757661e-05,0.2999471692123368,set
chip3nmos,fullarray,READ,WL_50,BL_11,5602.069017864809,0.0001785054766035609,-5.3551642981068266e-05,0.3004430338322503,unknown
chip3nmos,fullarray,READ,WL_50,BL_12,1909.5206386623956,0.0005236916426839419,-0.0001571074928051826,0.3000952917044443,set
chip3nmos,fullarray,READ,WL_50,BL_13,42469.1211223794,2.3546519767112462e-05,-7.0639559301337385e-06,0.3000430919798353,unknown
chip3nmos,fullarray,READ,WL_50,BL_14,5961.062096957297,0.00016775534019523628,-5.0326602058570884e-05,0.3003127115944891,unknown
chip3nmos,fullarray,READ,WL_50,BL_15,103813.22055395819,9.632684494940968e-06,-2.88980534848229e-06,0.2995979302975653,reset
chip3nmos,fullarray,READ,WL_51,BL_8,10550.559224155953,9.478170576119392e-05,-2.8434511728358173e-05,0.298410825722002,unknown
chip3nmos,fullarray,READ,WL_51,BL_9,2275.4136443840375,0.00043948053245971614,-0.00013184415973791484,0.29811736086881635,set
chip3nmos,fullarray,READ,WL_51,BL_10,4171.922224748887,0.00023969766120464798,-7.19092983613944e-05,0.2999325279854774,set
chip3nmos,fullarray,READ,WL_51,BL_11,5619.760447111156,0.00017794352791568742,-5.338305837470622e-05,0.30021060988841103,unknown
chip3nmos,fullarray,READ,WL_51,BL_12,1911.1387982043605,0.0005232482334300184,-0.0001569744700290055,0.29999280464272193,set
chip3nmos,fullarray,READ,WL_51,BL_13,40355.20179404819,2.477995290677708e-05,-7.433985872033123e-06,0.3001986518250253,unknown
chip3nmos,fullarray,READ,WL_51,BL_14,6180.921255494956,0.00016178817989486293,-4.853645396845888e-05,0.3003676158131913,unknown
chip3nmos,fullarray,READ,WL_51,BL_15,21126.835167510835,4.733316618751374e-05,-1.419994985625412e-05,0.299764474171784,unknown
chip3nmos,fullarray,READ,WL_52,BL_8,10482.361739166347,9.539834866255332e-05,-2.8619504598765995e-05,0.2984071654349468,unknown
chip3nmos,fullarray,READ,WL_52,BL_9,1859.9654750932257,0.0005376443882378395,-0.00016129331647135188,0.2981539638957549,set
chip3nmos,fullarray,READ,WL_52,BL_10,4154.817355396477,0.00024068446683971602,-7.22053400519148e-05,0.2998977550716829,set
chip3nmos,fullarray,READ,WL_52,BL_11,4837.899141186668,0.00020670129136977298,-6.201038741093189e-05,0.3001538764847965,set
chip3nmos,fullarray,READ,WL_52,BL_12,1911.390941167138,0.0005231792086392215,-0.00015695376259176644,0.3001172532176702,set
chip3nmos,fullarray,READ,WL_52,BL_13,41134.66760352538,2.431039457127634e-05,-7.293118371382902e-06,0.3002078024041544,unknown
chip3nmos,fullarray,READ,WL_52,BL_14,6148.880532550243,0.00016263122932805638,-4.878936879841691e-05,0.30039872820378843,unknown
chip3nmos,fullarray,READ,WL_52,BL_15,102973.61512488265,9.711225528862286e-06,-2.9133676586586856e-06,0.29989807530165236,reset
chip3nmos,fullarray,READ,WL_53,BL_8,10565.999919993466,9.46431958709137e-05,-2.8392958761274106e-05,0.2983449405550054,unknown
chip3nmos,fullarray,READ,WL_53,BL_9,2288.0363371020326,0.0004370559959141969,-0.00013111679877425905,0.29801670254473606,set
chip3nmos,fullarray,READ,WL_53,BL_10,4164.644711695422,0.00024011652115046834,-7.20349563451405e-05,0.2998428504709552,set
chip3nmos,fullarray,READ,WL_53,BL_11,5641.994910221997,0.00017724227262031554,-5.317268178609467e-05,0.3001758378023243,unknown
chip3nmos,fullarray,READ,WL_53,BL_12,1911.010011710134,0.0005232834960948818,-0.00015698504882846455,0.30006051930850236,set
chip3nmos,fullarray,READ,WL_53,BL_13,16273.87229452957,6.144819019724936e-05,-1.843445705917481e-05,0.30021695298328416,unknown
chip3nmos,fullarray,READ,WL_53,BL_14,6167.3019790035805,0.00016214545734982233,-4.86436372049467e-05,0.3002102237195792,unknown
chip3nmos,fullarray,READ,WL_53,BL_15,35213.13522878838,2.8398493729761768e-05,-8.51954811892853e-06,0.29962172227959627,unknown
chip3nmos,fullarray,READ,WL_54,BL_8,10729.501900705038,9.320097142014485e-05,-2.796029142604345e-05,0.2984492587360834,unknown
chip3nmos,fullarray,READ,WL_54,BL_9,2318.391727349604,0.0004313334921804628,-0.00012940004765413883,0.2981411528363271,set
chip3nmos,fullarray,READ,WL_54,BL_10,4220.632867142802,0.00023693129240993653,-7.107938772298096e-05,0.30015580669510183,set
chip3nmos,fullarray,READ,WL_54,BL_11,5712.153881758524,0.00017506531173704014,-5.251959352111204e-05,0.30028564438996624,unknown
chip3nmos,fullarray,READ,WL_54,BL_12,1912.257504386182,0.000522942123488223,-0.0001568826370464669,0.29999463476882404,set
chip3nmos,fullarray,READ,WL_54,BL_13,41715.520429678814,2.3971893187470405e-05,-7.191567956241121e-06,0.30015655916103384,unknown
chip3nmos,fullarray,READ,WL_54,BL_14,6264.439705367563,0.00015963119561086516,-4.788935868325955e-05,0.3001754510477341,unknown
chip3nmos,fullarray,READ,WL_54,BL_15,104486.25225626396,9.570637078142974e-06,-2.8711911234428926e-06,0.29969126807322594,reset
chip3nmos,fullarray,READ,WL_55,BL_8,10576.056254581319,9.45532035693193e-05,-2.8365961070795785e-05,0.2983266391197288,unknown
chip3nmos,fullarray,READ,WL_55,BL_9,2302.207377273072,0.00043436573519475217,-0.00013030972055842565,0.2980276834528184,set
chip3nmos,fullarray,READ,WL_55,BL_10,4186.7750442150045,0.00023884732029769086,-7.165419608930726e-05,0.2998611520045309,set
chip3nmos,fullarray,READ,WL_55,BL_11,5683.485317247416,0.00017594837396084145,-5.278451218825244e-05,0.3003551885621383,unknown
chip3nmos,fullarray,READ,WL_55,BL_12,1911.4320577410783,0.0005231679545972434,-0.000156950386379173,0.30033137797162607,set
chip3nmos,fullarray,READ,WL_55,BL_13,41935.616349642856,2.3846078513843435e-05,-7.153823554153031e-06,0.30052441244201217,unknown
chip3nmos,fullarray,READ,WL_55,BL_14,6217.68658570093,0.00016083152249901777,-4.8249456749705323e-05,0.30030356089137245,unknown
chip3nmos,fullarray,READ,WL_55,BL_15,104195.52633462462,9.597341029676202e-06,-2.8792023089028603e-06,0.2997113997503291,reset
chip3nmos,fullarray,READ,WL_56,BL_8,10931.892827476831,9.147546685479243e-05,-2.7442640056437727e-05,0.29826990467037146,unknown
chip3nmos,fullarray,READ,WL_56,BL_9,2365.415109615414,0.0004227587774911047,-0.00012682763324733143,0.29800206133396145,set
chip3nmos,fullarray,READ,WL_56,BL_10,4328.084180950489,0.00023104911045893528,-6.931473313768058e-05,0.29976232372322253,set
chip3nmos,fullarray,READ,WL_56,BL_11,5847.460746722513,0.00017101440151787208,-5.130432045536162e-05,0.3002142701079989,unknown
chip3nmos,fullarray,READ,WL_56,BL_12,1917.0652554218443,0.0005216306524630812,-0.00015648919573892434,0.3001209134698744,set
chip3nmos,fullarray,READ,WL_56,BL_13,43019.1470159064,2.3245463226647624e-05,-6.973638967994287e-06,0.3002553854156249,unknown
chip3nmos,fullarray,READ,WL_56,BL_14,6424.629484174435,0.00015565099940210793,-4.669529982063238e-05,0.30031454173511307,unknown
chip3nmos,fullarray,READ,WL_56,BL_15,105403.13789753585,9.487383582186297e-06,-2.846215074655889e-06,0.29973885203728917,reset
chip3nmos,fullarray,READ,WL_57,BL_8,10718.162816640297,9.329957168102237e-05,-2.7989871504306712e-05,0.2984968424678021,unknown
chip3nmos,fullarray,READ,WL_57,BL_9,2321.891570877867,0.00043068333273716026,-0.00012920499982114808,0.2980423246635937,set
chip3nmos,fullarray,READ,WL_57,BL_10,4251.147405799875,0.00023523061059602213,-7.056918317880663e-05,0.29998743258620447,set
chip3nmos,fullarray,READ,WL_57,BL_11,5716.600012787219,0.00017492915330146285,-5.247874599043885e-05,0.300265513182231,unknown
chip3nmos,fullarray,READ,WL_57,BL_12,1915.5444086145194,0.0005220448012078629,-0.00015661344036235885,0.30000012514713104,set
chip3nmos,fullarray,READ,WL_57,BL_13,42782.078361683445,2.3374273487742046e-05,-7.012282046322613e-06,0.30030479854292047,unknown
chip3nmos,fullarray,READ,WL_57,BL_14,6287.368473885954,0.00015904905274017489,-4.771471582205247e-05,0.30023218540705965,unknown
chip3nmos,fullarray,READ,WL_57,BL_15,105674.33270018586,9.463035861670894e-06,-2.838910758501268e-06,0.2999163768262917,reset
chip3nmos,fullarray,READ,WL_58,BL_8,10544.03016052036,9.484039639266821e-05,-2.845211891780046e-05,0.2986084812229905,unknown
chip3nmos,fullarray,READ,WL_58,BL_9,2283.063097992645,0.0004380080431763965,-0.00013140241295291896,0.298256452371182,set
chip3nmos,fullarray,READ,WL_58,BL_10,4164.890991280158,0.00024010232250823714,-7.203069675247113e-05,0.2997257206560705,set
chip3nmos,fullarray,READ,WL_58,BL_11,5632.091243712548,0.00017755394164048068,-5.32661824921442e-05,0.3002874744997595,unknown
chip3nmos,fullarray,READ,WL_58,BL_12,1911.3333809352978,0.0005231949642979901,-0.00015695848928939704,0.30017032687463313,set
chip3nmos,fullarray,READ,WL_58,BL_13,40765.46080272851,2.4530570250123805e-05,-7.3591710750371415e-06,0.3001620495085103,unknown
chip3nmos,fullarray,READ,WL_58,BL_14,4644.667507992243,0.0002153006643165016,-6.459019929495047e-05,0.3003273527194763,set
chip3nmos,fullarray,READ,WL_58,BL_15,103165.5195457587,9.6931610910606e-06,-2.9079483273181797e-06,0.29980107722106336,reset
chip3nmos,fullarray,READ,WL_59,BL_8,10505.715756537695,9.51862798474917e-05,-2.855588395424751e-05,0.2983522611291164,unknown
chip3nmos,fullarray,READ,WL_59,BL_9,2292.2544260770933,0.0004362517478966656,-0.0001308755243689997,0.2978867617991052,set
chip3nmos,fullarray,READ,WL_59,BL_10,4168.232323769748,0.0002399098520246588,-7.197295560739764e-05,0.2998703027713191,set
chip3nmos,fullarray,READ,WL_59,BL_11,5681.731666914053,0.00017600267992647653,-5.280080397794296e-05,0.3001648571435601,unknown
chip3nmos,fullarray,READ,WL_59,BL_12,1910.5224244206522,0.0005234170440596846,-0.00015702511321790538,0.30022889090990373,set
chip3nmos,fullarray,READ,WL_59,BL_13,41466.79432349067,2.411568138590126e-05,-7.234704415770378e-06,0.3001968217092003,unknown
chip3nmos,fullarray,READ,WL_59,BL_14,6178.527559708273,0.00016185086015011905,-4.8555258045035716e-05,0.30041702961002364,unknown
chip3nmos,fullarray,READ,WL_59,BL_15,103081.99502376094,9.701015194452676e-06,-2.9103045583358025e-06,0.29978643600135174,reset
chip3nmos,fullarray,READ,WL_60,BL_8,9455.931812165603,0.00010575372367992778,-3.172611710397834e-05,0.2985023328983855,unknown
chip3nmos,fullarray,READ,WL_60,BL_9,1804.7628723253913,0.0005540894127057951,-0.00016622682381173853,0.2980258533014709,set
chip3nmos,fullarray,READ,WL_60,BL_10,4059.412783791659,0.00024634104814193317,-7.390231444257995e-05,0.2999197169119736,set
chip3nmos,fullarray,READ,WL_60,BL_11,3265.4946336295425,0.00030623232073375567,-9.18696962201267e-05,0.3003606788915194,set
chip3nmos,fullarray,READ,WL_60,BL_12,1868.0884314493233,0.0005353065642744588,-0.00016059196928233763,0.3000385577952765,set
chip3nmos,fullarray,READ,WL_60,BL_13,41089.099691188065,2.4337354858482315e-05,-7.3012064575446935e-06,0.3001620495085103,unknown
chip3nmos,fullarray,READ,WL_60,BL_14,5541.350874001143,0.0001804614114388227,-5.4138423431646804e-05,0.3003365034225942,unknown
chip3nmos,fullarray,READ,WL_60,BL_15,55939.82668873146,1.78763514153225e-05,-5.36290542459675e-06,0.29969126807322594,unknown
chip3nmos,fullarray,READ,WL_61,BL_8,10432.130053132785,9.585770067156116e-05,-2.875731020146835e-05,0.29827356495742663,unknown
chip3nmos,fullarray,READ,WL_61,BL_9,2275.3037494000823,0.0004395017589469823,-0.0001318505276840947,0.29805696587436764,set
chip3nmos,fullarray,READ,WL_61,BL_10,4128.096938164607,0.00024224237341786113,-7.267271202535834e-05,0.2999343581388343,set
chip3nmos,fullarray,READ,WL_61,BL_11,5617.226261956729,0.00017802380629966926,-5.340714188990078e-05,0.30004590000694986,unknown
chip3nmos,fullarray,READ,WL_61,BL_12,1908.7768223725882,0.0005238957159784722,-0.00015716871479354164,0.3001172532176702,set
chip3nmos,fullarray,READ,WL_61,BL_13,40415.051325069144,2.4743256960302503e-05,-7.422977088090751e-06,0.3003487213227396,unknown
chip3nmos,fullarray,READ,WL_61,BL_14,7516.277522645353,0.00013304458184083256,-3.991337455224977e-05,0.3002029031570852,unknown
chip3nmos,fullarray,READ,WL_61,BL_15,104589.24913344337,9.561212154072544e-06,-2.868363646221763e-06,0.2998450008801975,reset
chip3nmos,fullarray,READ,WL_62,BL_8,10472.13942935782,9.549147113115957e-05,-2.864744133934787e-05,0.2985371056254111,unknown
chip3nmos,fullarray,READ,WL_62,BL_9,1837.2271869160268,0.0005442984989127022,-0.00016328954967381067,0.29798742012318546,set
chip3nmos,fullarray,READ,WL_62,BL_10,4156.806374248247,0.00024056930007495205,-7.21707900224856e-05,0.29976232372322253,set
chip3nmos,fullarray,READ,WL_62,BL_11,5635.338611667775,0.00017745162605305284,-5.323548781591586e-05,0.3001758378023243,unknown
chip3nmos,fullarray,READ,WL_62,BL_12,1911.1744230653132,0.0005232384799269709,-0.00015697154397809125,0.2999067887159192,set
chip3nmos,fullarray,READ,WL_62,BL_13,41767.714405696315,2.3941937312797253e-05,-7.182581193839175e-06,0.3003926441025574,unknown
chip3nmos,fullarray,READ,WL_62,BL_14,5463.8270104942685,0.00018302189986603144,-5.490656995980943e-05,0.3001516592196303,unknown
chip3nmos,fullarray,READ,WL_62,BL_15,104434.82985179627,9.575349540178335e-06,-2.8726048620535e-06,0.29991088636889945,reset
chip3nmos,fullarray,READ,WL_63,BL_8,10576.318849949228,9.45508559440604e-05,-2.836525678321812e-05,0.2983486008420612,unknown
chip3nmos,fullarray,READ,WL_63,BL_9,2314.3801386950113,0.00043208113623195065,-0.0001296243408695852,0.29812102117150996,set
chip3nmos,fullarray,READ,WL_63,BL_10,4208.806447413158,0.00023759705096788807,-7.127911529036643e-05,0.2999306978321193,set
chip3nmos,fullarray,READ,WL_63,BL_11,5737.224581969094,0.00017430030596027083,-5.229009178808124e-05,0.3001337452770626,unknown
chip3nmos,fullarray,READ,WL_63,BL_12,1913.1852680814602,0.0005226885324089908,-0.00015680655972269723,0.30010810258715903,set
chip3nmos,fullarray,READ,WL_63,BL_13,39218.539227815614,2.549814500206457e-05,-7.649443500619371e-06,0.3001730302034657,unknown
chip3nmos,fullarray,READ,WL_63,BL_14,6229.978263024794,0.0001605142037067843,-4.8154261112035294e-05,0.30030356089137245,unknown
chip3nmos,fullarray,READ,WL_63,BL_15,102090.148420162,9.795264435157858e-06,-2.9385793305473572e-06,0.2999712814002104,reset
